Agency,Business Unit,Category Group,Category,Program Description,Estimated Timing for Release to Market,Procurement Method, Estimated Spend , Spend Range ,Funding Status,Region SA4,Agency Region,Link
Agriculture and Fisheries,,General Goods and Services,Non-professional Services,Supply of Odour Detection Dogs and Training,TBC,TBC," $420,000 ", Less than $1M ,N/A,Multiple,State-wide,https://qtenders.hpw.qld.gov.au/qtenders/tender/display/tender-details.do?id=29533&action=display-tender-details
Agriculture and Fisheries,,General Goods and Services,Professional Services,For the purchase of Waste Management Services - Toowoomba,TBC,Open tender," $30,000 ", Less than $1M ,N/A,South East Queensland ,South East,https://qtenders.hpw.qld.gov.au/qtenders/tender/display/tender-details.do?id=29533&action=display-tender-details
Agriculture and Fisheries,,General Goods and Services,Professional Services,For the purchase of Security Management Services - Toowoomba ,TBC,Open tender," $40,000 ", Less than $1M ,N/A,South East Queensland ,South East,https://qtenders.hpw.qld.gov.au/qtenders/tender/display/tender-details.do?id=29533&action=display-tender-details
Education,,General Goods and Services,Marketing,"Multimedia materials, Vignettes and Video Production",TBC,Open tender," $10,000,000 ", $10M - $50M ,N/A,Multiple,State-wide,https://qtenders.hpw.qld.gov.au/qtenders/tender/display/tender-details.do?id=29533&action=display-tender-details
Education,,General Goods and Services,Professional Services,Academic Advice for Departmental Research Projects,TBC,Closed tender," $500,000 ", Less than $1M ,N/A,Multiple,State-wide,https://qtenders.hpw.qld.gov.au/qtenders/tender/display/tender-details.do?id=29533&action=display-tender-details
Education,,General Goods and Services,Professional Services,We the Difference,TBC,Open tender," $870,000 ", Less than $1M ,N/A,Multiple,State-wide,https://qtenders.hpw.qld.gov.au/qtenders/tender/display/tender-details.do?id=29533&action=display-tender-details
Education,,General Goods and Services,Professional Services,Health and Fitness services,TBC,Open tender," $20,000,000 ", $10M - $50M ,N/A,Multiple,State-wide,https://qtenders.hpw.qld.gov.au/qtenders/tender/display/tender-details.do?id=29533&action=display-tender-details
Education,,General Goods and Services,Professional Services,RestrInformation and Communication Technologyive Practices,TBC,Open tender," $3,800,000 ", $1M - $5M ,N/A,Multiple,State-wide,https://qtenders.hpw.qld.gov.au/qtenders/tender/display/tender-details.do?id=29533&action=display-tender-details
Education,,General Goods and Services,Professional Services,Early Intervention / Critical Practices,TBC,Open tender," $2,000,000 ", $1M - $5M ,N/A,Multiple,State-wide,https://qtenders.hpw.qld.gov.au/qtenders/tender/display/tender-details.do?id=29533&action=display-tender-details
Energy and Public Works,,General Goods and Services,Employee Services,Provision of Salary Packaging Administration Services,Jun - Aug 21,Open Market," $3,890,000,000 ", $100M+ ,N/A,Multiple,State-wide,https://qtenders.hpw.qld.gov.au/qtenders/tender/display/tender-details.do?id=29533&action=display-tender-details
Energy and Public Works,,General Goods and Services,Employee Services,Provision of Salary Packaging Novated Leasing Services,Oct - Dec 21,Open Market, $-   , N/A ,N/A,Multiple,State-wide,https://qtenders.hpw.qld.gov.au/qtenders/tender/display/tender-details.do?id=29533&action=display-tender-details
Energy and Public Works,,General Goods and Services,Utilities,Metering and Data Services,TBC,Open tender, $-   , N/A ,N/A,Multiple,State-wide,https://qtenders.hpw.qld.gov.au/qtenders/tender/display/tender-details.do?id=29533&action=display-tender-details
Energy and Public Works,,General Goods and Services,Marketing,Market and Social Research Services - upcoming opportunity,Jan - Mar 21,TBA," $6,000,000 ", $5M - $10M ,N/A,Multiple,State Wide,https://qtenders.hpw.qld.gov.au/qtenders/tender/display/tender-details.do?id=32102&action=display-tender-details
Environment and Science,,General Goods and Services,Uniforms & PPE,"Uniforms, Protective and Safety: Clothing and Equipment",Aug-31,Open tender," $35,000,000 ", $10M - $50M ,N/A,Multiple,State-wide,https://qtenders.hpw.qld.gov.au/qtenders/tender/display/tender-details.do?id=29533&action=display-tender-details
Public Safety Business Agency ,,General Goods and Services,Fleet,Appliances - Medium Pumper,TBC,Open Tender," $20,000,000 ", $10M - $50M ,N/A,Multiple,State-wide,https://qtenders.hpw.qld.gov.au/qtenders/tender/display/tender-details.do?id=29533&action=display-tender-details
Public Safety Business Agency ,,General Goods and Services,Equipment,Battery Operated Road Crash Rescue Equipment,TBC,Open tender," $400,000 ", Less than $1M ,N/A,Multiple,State-wide,https://qtenders.hpw.qld.gov.au/qtenders/tender/display/tender-details.do?id=29533&action=display-tender-details
Public Safety Business Agency ,,General Goods and Services,Equipment,Compressors for Breathing Apparatus,TBC,Open tender, $-   , N/A ,N/A,Multiple,State-wide,https://qtenders.hpw.qld.gov.au/qtenders/tender/display/tender-details.do?id=29533&action=display-tender-details
Public Safety Business Agency ,,General Goods and Services,Equipment,Drip Torches and Spare Parts,TBC,Open tender," $840,000 ", Less than $1M ,N/A,Multiple,State-wide,https://qtenders.hpw.qld.gov.au/qtenders/tender/display/tender-details.do?id=29533&action=display-tender-details
Public Safety Business Agency ,,General Goods and Services,Equipment,Drones for Fire and Emergency Services,TBC,Open tender," $500,000 ", Less than $1M ,N/A,Multiple,State-wide,https://qtenders.hpw.qld.gov.au/qtenders/tender/display/tender-details.do?id=29533&action=display-tender-details
Public Safety Business Agency ,,General Goods and Services,Equipment,Hose and Water Delivery,TBC,Open tender, $-   , N/A ,N/A,Multiple,State-wide,https://qtenders.hpw.qld.gov.au/qtenders/tender/display/tender-details.do?id=29533&action=display-tender-details
Public Safety Business Agency ,,General Goods and Services,Fleet,"Marine Outboard Engines, Parts, Servicing and Training",TBC,Open tender, $-   , N/A ,N/A,Multiple,State-wide,https://qtenders.hpw.qld.gov.au/qtenders/tender/display/tender-details.do?id=29533&action=display-tender-details
Public Safety Business Agency ,,General Goods and Services,Fleet,Police Helicopter - Lease,TBC,Open Tender," $55,000,000 ", $50M - $100M ,N/A,South East Queensland,Gold Coast and Brisbane,https://qtenders.hpw.qld.gov.au/qtenders/tender/display/tender-details.do?id=29533&action=display-tender-details
Public Safety Business Agency ,,General Goods and Services,Equipment,Radiation Survey Contamination Meters,TBC,Open Tender, $-   , N/A ,N/A,Multiple,State-wide,https://qtenders.hpw.qld.gov.au/qtenders/tender/display/tender-details.do?id=29533&action=display-tender-details
Public Safety Business Agency ,,General Goods and Services,Equipment,Radio and Frontline Communications Equipment and Build Services,TBC,Open tender," $6,000,000 ", $5M - $10M ,N/A,Multiple,State-wide,https://qtenders.hpw.qld.gov.au/qtenders/tender/display/tender-details.do?id=29533&action=display-tender-details
Public Safety Business Agency ,,General Goods and Services,Equipment,Splash Suits,TBC,Open tender," $700,000 ", Less than $1M ,N/A,Multiple,State-wide,https://qtenders.hpw.qld.gov.au/qtenders/tender/display/tender-details.do?id=29533&action=display-tender-details
Public Safety Business Agency ,,General Goods and Services,Uniforms,Uniform Items -Socks,TBC,Open Tender," $185,000 ", Less than $1M ,N/A,Multiple,State-wide,https://qtenders.hpw.qld.gov.au/qtenders/tender/display/tender-details.do?id=29533&action=display-tender-details
Public Safety Business Agency ,,General Goods and Services,Uniforms,Uniform Wear for Fire and Emergency Services,TBC,Open tender," $4,000,000 ", $1M - $5M ,N/A,Multiple,State-wide,https://qtenders.hpw.qld.gov.au/qtenders/tender/display/tender-details.do?id=29533&action=display-tender-details
"State Development, Manufacturing, Infrastructure and Planning",,General Goods and Services,Professional Services,Standing Offer Arrangement for Benchmarking Services,Apr - May 2021,Open Market, $-   , N/A ,N/A,Multiple,State-wide,https://qtenders.hpw.qld.gov.au/qtenders/tender/display/tender-details.do?id=29533&action=display-tender-details
Health,Health,Medical,Medical Consumables,"Dialysis (Equipment, Consumables, Solutions, Services)",TBA,TBA," $75,000,000 ", $50M - $100M ,N/A,Multiple,State Wide,https://qtenders.hpw.qld.gov.au/qtenders/tender/display/tender-details.do?&id=32259&action=display-tender-details
Health,Health,Medical,Medical Services,Elective Surgery (Surgery Connect),Jan - Jun 21,TBA," $120,000,000 ", $100M+ ,N/A,Multiple,State Wide,https://qtenders.hpw.qld.gov.au/qtenders/tender/display/tender-details.do?&id=32259&action=display-tender-details
Health,Health,Medical,Medical Services,Air Ambulance Services,TBA,TBA, $-   , N/A ,N/A,Multiple,State Wide,https://qtenders.hpw.qld.gov.au/qtenders/tender/display/tender-details.do?&id=32259&action=display-tender-details
Health,Health,Medical,Prosthetics,"Spine, Neurosurgical & Craniomaillofacial Implants & Consumables",TBA,TBA," $88,000,000 ", $50M - $100M ,N/A,Multiple,State Wide,https://qtenders.hpw.qld.gov.au/qtenders/tender/display/tender-details.do?&id=32259&action=display-tender-details
Health,Health,General Goods and Services,"Grocery, Dairy and Beverages","Grocery, Dairy and Beverages (Queensland Government Wide)",TBA,TBA," $1,360,000,000 ", $100M+ ,N/A,Multiple,State Wide,https://qtenders.hpw.qld.gov.au/qtenders/tender/display/tender-details.do?&id=32259&action=display-tender-details
"Children, Youth Justice and Multicultural Affairs",Investment and Commissioning,Social Services,Children and Young People Services,Unaccompanied Humanitarian Minors Program,Jul - Sep 21,TBA," $1,000,000 ", $1M - $5M ,Funded,Multiple,Statewide,
"Children, Youth Justice and Multicultural Affairs",Youth Justice Commissioning and Investment,Social Services,Children and Young People Services,Specialist Counselling Services (Currently Pre-sentence Assessments and treatments),Jun-Aug 2021,TBA," $1,000,000 ", $1M - $5M ,Funded,Multiple,Statewide,
"Children, Youth Justice and Multicultural Affairs",Youth Justice Commissioning and Investment,Social Services,Children and Young People Services,Specialist Counselling Services (Currently Treatments and training),Jun-Aug 2021,TBA," $1,000,000 ", $1M - $5M ,Funded,South East Queensland,Brisbane,
"Children, Youth Justice and Multicultural Affairs",Youth Justice Commissioning and Investment,Social Services,Children and Young People Services,Queensland Youth Partnership Initiative (Proposed Small Grants Program),Jan-Mar 2022,TBA," $900,000 ", Less than $1M ,Funded to 30/06/2023,N/A,To be confirmed,
"Children, Youth Justice and Multicultural Affairs",Youth Justice Commissioning and Investment,Social Services,Children and Young People Services,Young Offender Support Services (Currently Cherbourg),Jan-Mar 2022,TBA," $1,000,000 ", $1M - $5M ,Funded,Wide Bay,Wide Bay Burnett,
"Children, Youth Justice and Multicultural Affairs",Youth Justice Commissioning and Investment,Social Services,Children and Young People Services,Young Offender Support Services (Currently Atherton),Jan-Mar 2022,TBA," $1,000,000 ", $1M - $5M ,Funded,Cairns,Cairns,
"Children, Youth Justice and Multicultural Affairs",Youth Justice Commissioning and Investment,Social Services,Children and Young People Services,Young Offender Support Services (Currently Mount Isa),Jan-Mar 2022,TBA," $900,000 ", Less than $1M ,Funded,Queensland - Outback,Queensland - Outback,
"Children, Youth Justice and Multicultural Affairs",Youth Justice Commissioning and Investment,Social Services,Children and Young People Services,Young Offender Support Services (Currently Doomadgee),Jan-Mar 2022,TBA," $900,000 ", Less than $1M ,Funded,Queensland - Outback,Queensland - Outback,
"Children, Youth Justice and Multicultural Affairs",Youth Justice Commissioning and Investment,Social Services,Children and Young People Services,Young Offender Support Services (Currently Mornington Island),Jan-Mar 2022,TBA," $900,000 ", Less than $1M ,Funded,Queensland - Outback,Queensland - Outback,
"Children, Youth Justice and Multicultural Affairs",Youth Justice Commissioning and Investment,Social Services,Children and Young People Services,Young Offender Support Services (Currently Cairns),Jan-Mar 2022,TBA," $1,000,000 ", $1M - $5M ,Funded,Cairns,Cairns,
"Communities, Housing and Digital Economy",Community Services,Social Services,Communities,Public Intoxication program,Jan-Jun 2023,TBA," $11,000,000 ", $10M - $50M ,Funded,Multiple,Statewide,
"Communities, Housing and Digital Economy",Community Services,Social Services,Communities,Gambling Help,Mar-Jun 2022,TBA," $5,000,000 ", $5M - $10M ,Funded,Multiple,Statewide,
"Communities, Housing and Digital Economy",Community Services,Social Services,Communities,Queensland Community Support Scheme,Sep 2022 - Mar 2023,TBA," $11,000,000 ", $10M - $50M ,Funded,Multiple,Statewide,
"Communities, Housing and Digital Economy",Community Services,Social Services,Communities,Financial Resilience,Jun-Dec 2022,TBA," $5,000,000 ", $5M - $10M ,Funded,Multiple,Statewide,
"Communities, Housing and Digital Economy",Community Services,Social Services,Communities,Safe Night Precinct Support Services,Jun-Dec 2022,TBA," $1,000,000 ", $1M - $5M ,TBC,Multiple,Statewide,
"Communities, Housing and Digital Economy",Community Services,Social Services,Communities,Standing Offer Arrangement - Human and Social Services Recovery,Mar-Jun 2022,TBA," $5,000,000 ", $5M - $10M ,TBC,Multiple,Statewide,
"Seniors, Disability Services, Aboriginal and Torres Strait Islander Partnerships",Disability and Seniors Connect,Social Services,Seniors Services,Seniors Legal and Support Service ,Oct - Dec 21,TBA," $11,000,000 ", $10M - $50M ,Funded,Multiple,Statewide,
"Communities, Housing and Digital Economy",Community Services,Social Services,Communities,Community Transport ,Sep 2022 -Mar 2023,TBA," $5,000,000 ", $5M - $10M ,Funded,Multiple,Statewide,
Transport and Main Roads,IMD - Infrastructure Management & Delivery,Building Construction and Maintenance,FM - Maintenance & Repairs,"FPP01639 - Facility Management Services 31 Knight St North Rockhampton - ?Renewal of contract for services including cleaning, horticulture, HVAC maintenance, lift maintenance, electrical testing and prescribed fire safety maintenance


?

",Jul - Sep 21,TBA," $175,000 ", Less than $1M ,N/A,Central Queensland,Central Queensland,https://qtenders.hpw.qld.gov.au/qtenders/tender/display/tender-details.do?id=33731&action=display-tender-details
Transport and Main Roads,IMD - Infrastructure Management & Delivery,Building Construction and Maintenance,FM - Maintenance & Repairs,"FPP01640 - Facility Management Services at PDO Emerald sites - ?Renewal of contract for services including cleaning, horticulture, electrical testing and prescribed fire safety maintenance.??
",Jul - Sep 21,TBA," $70,000 ", Less than $1M ,N/A,Central Queensland,Central Queensland,https://qtenders.hpw.qld.gov.au/qtenders/tender/display/tender-details.do?id=33731&action=display-tender-details
Transport and Main Roads,C - Corporate,Building Construction and Maintenance,FM - Maintenance & Repairs,FPP01723 - Replace aged AC units at Mackay CSC - Engage Mechanical contractor to replace Air conditioning units,Jan - Mar 22,TBA," $120,000 ", Less than $1M ,N/A,Central Queensland,Central Queensland,https://qtenders.hpw.qld.gov.au/qtenders/tender/display/tender-details.do?id=33731&action=display-tender-details
Transport and Main Roads,C - Corporate,Building Construction and Maintenance,FM - Maintenance & Repairs,FPP01724 - Replace roof structure and install bird proofing Mackay CSC - Replace corroded roof structure to MVIC pit building and install bird proofing,Jul - Sep 21,TBA," $120,000 ", Less than $1M ,N/A,Central Queensland,Central Queensland,https://qtenders.hpw.qld.gov.au/qtenders/tender/display/tender-details.do?id=33731&action=display-tender-details
Transport and Main Roads,C - Corporate,Building Construction and Maintenance,FM - Maintenance & Repairs,"FPP01763 - Replacement of Carpets - Replacement of floor coverings at Barcaldine District Office?
",Apr - Jun 22,TBA," $30,000 ", Less than $1M ,N/A,Central Queensland,Central Queensland,https://qtenders.hpw.qld.gov.au/qtenders/tender/display/tender-details.do?id=33731&action=display-tender-details
Transport and Main Roads,C - Corporate,Building Construction and Maintenance,FM - Maintenance & Repairs,"FPP01764 - Painting - Internal repaint of Barcaldine District Office?
",Jan - Mar 22,TBA," $25,000 ", Less than $1M ,N/A,Central Queensland,Central Queensland,https://qtenders.hpw.qld.gov.au/qtenders/tender/display/tender-details.do?id=33731&action=display-tender-details
Transport and Main Roads,C - Corporate,Building Construction and Maintenance,FM - Maintenance & Repairs,"FPP01773 - Install power conditioners to main AC plant power supply - Electrical / HVAC  - System trips regularly and requires contractor to reset Emerald District Office?
",Oct - Dec 21,TBA," $25,000 ", Less than $1M ,N/A,Central Queensland,Central Queensland,https://qtenders.hpw.qld.gov.au/qtenders/tender/display/tender-details.do?id=33731&action=display-tender-details
Transport and Main Roads,C - Corporate,Building Construction and Maintenance,FM - Maintenance & Repairs,"FPP01777 - Replacement of Shade Structure - Replace External Staf Breakout Shade Sturcture at Mackay CSC

",Jan - Mar 22,TBA," $50,000 ", Less than $1M ,N/A,Central Queensland,Central Queensland,https://qtenders.hpw.qld.gov.au/qtenders/tender/display/tender-details.do?id=33731&action=display-tender-details
Transport and Main Roads,C - Corporate,General Goods and Services,FM - Furniture and Fit-Out,"FPP00900 - Toowoomba District Office - Refurbishment of the Toowoomba District office?
",Oct - Dec 21,TBA," $7,000,000 ", $5M - $10M ,N/A,Darling Downs - Maranoa,Downs South West,https://qtenders.hpw.qld.gov.au/qtenders/tender/display/tender-details.do?id=33731&action=display-tender-details
Transport and Main Roads,C - Corporate,Building Construction and Maintenance,FM - Construction,"FPP01656 - Toowoomba Harristown Carpark Redesign - Harristown Construction of New Carpark

",Jul - Sep 21,TBA," $500,000 ", Less than $1M ,N/A,Darling Downs - Maranoa,Downs South West,https://qtenders.hpw.qld.gov.au/qtenders/tender/display/tender-details.do?id=33731&action=display-tender-details
Transport and Main Roads,C - Corporate,Building Construction and Maintenance,FM - Maintenance & Repairs,"FPP01755 - External repaint of Warwick Regional  Office - External repaint of Warwick Regional Office?
",Jan - Mar 22,TBA," $30,000 ", Less than $1M ,N/A,Darling Downs - Maranoa,Downs South West,https://qtenders.hpw.qld.gov.au/qtenders/tender/display/tender-details.do?id=33731&action=display-tender-details
Transport and Main Roads,C - Corporate,Building Construction and Maintenance,FM - Maintenance & Repairs,"FPP01761 - Repair major damaged asphalt on driveway into the Roma MVIC - Repair major damaged asphalt on driveway into the Roma MVIC
",Oct - Dec 21,TBA," $20,000 ", Less than $1M ,N/A,Darling Downs - Maranoa,Downs South West,https://qtenders.hpw.qld.gov.au/qtenders/tender/display/tender-details.do?id=33731&action=display-tender-details
Transport and Main Roads,C - Corporate,Building Construction and Maintenance,FM - Maintenance & Repairs,"FPP01762 - Replacement of carpet at Warwick Depot - Replacement of carpet at Warwick Depot?
",Jan - Mar 22,TBA," $10,000 ", Less than $1M ,N/A,Darling Downs - Maranoa,Downs South West,https://qtenders.hpw.qld.gov.au/qtenders/tender/display/tender-details.do?id=33731&action=display-tender-details
Transport and Main Roads,IMD - Infrastructure Management & Delivery,Transport and Infrastructure Services,CD - Professional Services,"FPP01603 - Provision of Underground Service Location Services - ?Provision of Underground Service Location Services?

",Jul - Sep 21,TBA, $1 , Less than $1M ,N/A,South East Queensland,Metropolitan,https://qtenders.hpw.qld.gov.au/qtenders/tender/display/tender-details.do?id=33731&action=display-tender-details
Transport and Main Roads,"CSSR - Customer Services, Safety & Regulation",Transport and Infrastructure Services,CD - Physical Works,FPP01621 - Floating Pontoon Replacement - ?Replacement of Floating Pontoon MSQ Pinkenba,Apr - Jun 22,TBA," $600,000 ", Less than $1M ,N/A,South East Queensland,Metropolitan,https://qtenders.hpw.qld.gov.au/qtenders/tender/display/tender-details.do?id=33731&action=display-tender-details
Transport and Main Roads,C - Corporate,Information and Communication Technology,ICT - ICT Services,"FPP01682 - TMRICT21050 Certificate Authority - ?Require the services of a Certificate Authority for PKI and SSL Services
",Oct - Dec 21,TBA," $50,000 ", Less than $1M ,N/A,South East Queensland,Metropolitan,https://qtenders.hpw.qld.gov.au/qtenders/tender/display/tender-details.do?id=33731&action=display-tender-details
Transport and Main Roads,IMD - Infrastructure Management & Delivery,Transport and Infrastructure Services,MPE - Specialised Tech & Specific Equipment,"FPP01721 - Geosynthetics Testing System  - Geosynthetics Testing System

",Jul - Sep 21,TBA," $170,000 ", Less than $1M ,N/A,South East Queensland,Metropolitan,https://qtenders.hpw.qld.gov.au/qtenders/tender/display/tender-details.do?id=33731&action=display-tender-details
Transport and Main Roads,C - Corporate,Building Construction and Maintenance,FM - Maintenance & Repairs,"FPP01726 - Repaint external of building Logan CSC - Repaint external of building Logan CSC?

",Jul - Sep 21,TBA," $50,000 ", Less than $1M ,N/A,South East Queensland,Metropolitan,https://qtenders.hpw.qld.gov.au/qtenders/tender/display/tender-details.do?id=33731&action=display-tender-details
Transport and Main Roads,C - Corporate,Building Construction and Maintenance,FM - Maintenance & Repairs,"FPP01733 - Repaint covered carpark at Logan CSC - Repaint covered carpark at Logan CSC?
",Jul - Sep 21,TBA," $15,000 ", Less than $1M ,N/A,South East Queensland,Metropolitan,https://qtenders.hpw.qld.gov.au/qtenders/tender/display/tender-details.do?id=33731&action=display-tender-details
Transport and Main Roads,C - Corporate,Building Construction and Maintenance,FM - Maintenance & Repairs,"FPP01734 - Replace remaining paving to Logan Training Centre - Replace remaining paving to Logan Training Centre?
",Oct - Dec 21,TBA," $40,000 ", Less than $1M ,N/A,South East Queensland,Metropolitan,https://qtenders.hpw.qld.gov.au/qtenders/tender/display/tender-details.do?id=33731&action=display-tender-details
Transport and Main Roads,C - Corporate,Building Construction and Maintenance,FM - Maintenance & Repairs,"FPP01736 - Recarpet Zillmere CSC - Recarpet Zillmere CSC?
",Jan - Mar 22,TBA," $25,000 ", Less than $1M ,N/A,South East Queensland,Metropolitan,https://qtenders.hpw.qld.gov.au/qtenders/tender/display/tender-details.do?id=33731&action=display-tender-details
Transport and Main Roads,C - Corporate,Building Construction and Maintenance,FM - Maintenance & Repairs,"FPP01737 - Carry out bird proofing to the covered carpark at Logan CSC - Carry out bord proofing to the covered carpark at Logan CSC

",Oct - Dec 21,TBA," $10,000 ", Less than $1M ,N/A,South East Queensland,Metropolitan,https://qtenders.hpw.qld.gov.au/qtenders/tender/display/tender-details.do?id=33731&action=display-tender-details
Transport and Main Roads,C - Corporate,Building Construction and Maintenance,FM - Maintenance & Repairs,"FPP01738 - Replacement of entry flooring to Ipswich CSC - Replacement of entry flooring to Ipswich CSC?
",Apr - Jun 22,TBA," $25,000 ", Less than $1M ,N/A,South East Queensland,Metropolitan,https://qtenders.hpw.qld.gov.au/qtenders/tender/display/tender-details.do?id=33731&action=display-tender-details
Transport and Main Roads,C - Corporate,Building Construction and Maintenance,FM - Maintenance & Repairs,"FPP01743 - Replacement of entry flooring to Ipswich CSC - Replacement of entry flooring to Ipswich CSC?
",Apr - Jun 22,TBA," $25,000 ", Less than $1M ,N/A,South East Queensland,Metropolitan,https://qtenders.hpw.qld.gov.au/qtenders/tender/display/tender-details.do?id=33731&action=display-tender-details
Transport and Main Roads,C - Corporate,Building Construction and Maintenance,FM - Maintenance & Repairs,"FPP01744 - Painting of ground floor MacGregor CSC - Painting of ground floor MacGregor CSC

",Jan - Mar 22,TBA," $25,000 ", Less than $1M ,N/A,South East Queensland,Metropolitan,https://qtenders.hpw.qld.gov.au/qtenders/tender/display/tender-details.do?id=33731&action=display-tender-details
Transport and Main Roads,C - Corporate,Building Construction and Maintenance,FM - Maintenance & Repairs,"FPP01745 - Internal painting of Sherwood CSC - ?Internal painting of Sherwood CSC

",Oct - Dec 21,TBA," $20,000 ", Less than $1M ,N/A,South East Queensland,Metropolitan,https://qtenders.hpw.qld.gov.au/qtenders/tender/display/tender-details.do?id=33731&action=display-tender-details
Transport and Main Roads,C - Corporate,Building Construction and Maintenance,FM - Maintenance & Repairs,"FPP01746 - Carry out roof repairs to the Zillmere MVIC office building - Carry out roof repairs to the Zillmere MVIC office building?

",Jul - Sep 21,TBA," $20,000 ", Less than $1M ,N/A,South East Queensland,Metropolitan,https://qtenders.hpw.qld.gov.au/qtenders/tender/display/tender-details.do?id=33731&action=display-tender-details
Transport and Main Roads,C - Corporate,Building Construction and Maintenance,FM - Maintenance & Repairs,"FPP01747 - Repainting of entrance and foyer area within Ipswich CSC - Repainting of entrance and foyer area within Ipswich CSC?

",Apr - Jun 22,TBA," $15,000 ", Less than $1M ,N/A,South East Queensland,Metropolitan,https://qtenders.hpw.qld.gov.au/qtenders/tender/display/tender-details.do?id=33731&action=display-tender-details
Transport and Main Roads,C - Corporate,Building Construction and Maintenance,FM - Maintenance & Repairs,"FPP01752 - Repainting of Zillmere CSC - Repainting of Zillmere CSC?
",Jan - Mar 22,TBA," $15,000 ", Less than $1M ,N/A,South East Queensland,Metropolitan,https://qtenders.hpw.qld.gov.au/qtenders/tender/display/tender-details.do?id=33731&action=display-tender-details
Transport and Main Roads,C - Corporate,Building Construction and Maintenance,FM - Maintenance & Repairs,FPP01753 - Replacement of existing tenancy lighting with LED - Replacement of existing tenancy lighting with LED,Jul - Sep 21,TBA," $14,000 ", Less than $1M ,N/A,South East Queensland,Metropolitan,https://qtenders.hpw.qld.gov.au/qtenders/tender/display/tender-details.do?id=33731&action=display-tender-details
Transport and Main Roads,C - Corporate,Building Construction and Maintenance,FM - Maintenance & Repairs,"FPP01754 - Replace perspex sheeting to the MVIC at Zillmere - Replace perspex sheeting to the MVIC at Zillmere??

",Apr - Jun 22,TBA," $10,000 ", Less than $1M ,N/A,South East Queensland,Metropolitan,https://qtenders.hpw.qld.gov.au/qtenders/tender/display/tender-details.do?id=33731&action=display-tender-details
Transport and Main Roads,IMD - Infrastructure Management & Delivery,Transport and Infrastructure Services,MPE - Misc Plant & Minor Equipment,FPP00256 - Motor Vehicle Cleaning - Provision of motor vehicle cleaning for the North Coast District,Oct - Dec 21,TBA," $10,000 ", Less than $1M ,N/A,Wide Bay,North Coast & Wide Bay/Burnett,https://qtenders.hpw.qld.gov.au/qtenders/tender/display/tender-details.do?id=33731&action=display-tender-details
Transport and Main Roads,IMD - Infrastructure Management & Delivery,Transport and Infrastructure Services,CD - Physical Works,FPP00260 - Public Utility Plant Location - Establish supply arrangement for the provision of PUP location services in the North Coast District.,Oct - Dec 21,TBA," $30,000 ", Less than $1M ,N/A,Wide Bay,North Coast & Wide Bay/Burnett,https://qtenders.hpw.qld.gov.au/qtenders/tender/display/tender-details.do?id=33731&action=display-tender-details
Transport and Main Roads,"CSSR - Customer Services, Safety & Regulation",Transport and Infrastructure Services,MPE - Specialised Tech & Specific Equipment,"FPP01611 - Scrubby Mountain Power Supply - ??Scrubby Mountain Power Supply
",Apr - Jun 22,TBA," $20,000 ", Less than $1M ,N/A,Wide Bay,North Coast & Wide Bay/Burnett,https://qtenders.hpw.qld.gov.au/qtenders/tender/display/tender-details.do?id=33731&action=display-tender-details
Transport and Main Roads,"CSSR - Customer Services, Safety & Regulation",Information and Communication Technology,ICT - Hardware,"FPP01612 - GLT CCTV System Replacement - ?Gladstone CCTV System Replacement
",Jul - Sep 21,TBA," $100,000 ", Less than $1M ,N/A,Wide Bay,North Coast & Wide Bay/Burnett,https://qtenders.hpw.qld.gov.au/qtenders/tender/display/tender-details.do?id=33731&action=display-tender-details
Transport and Main Roads,"CSSR - Customer Services, Safety & Regulation",Transport and Infrastructure Services,TSD - Navigational services,"FPP01613 - ""Repair Island"" Replacement - ?AtoN Replacement Project - Mackay
",Jul - Sep 21,TBA," $150,000 ", Less than $1M ,N/A,Wide Bay,North Coast & Wide Bay/Burnett,https://qtenders.hpw.qld.gov.au/qtenders/tender/display/tender-details.do?id=33731&action=display-tender-details
Transport and Main Roads,"CSSR - Customer Services, Safety & Regulation",Transport and Infrastructure Services,TSD - Navigational services,"FPP01614 - Hay Point Tug Harbour Beacon Replacements x 2 - ?Purchase of 2 x Hay Point Tug Harbour Beacons
",Jul - Sep 21,TBA," $700,000 ", Less than $1M ,N/A,Wide Bay,North Coast & Wide Bay/Burnett,https://qtenders.hpw.qld.gov.au/qtenders/tender/display/tender-details.do?id=33731&action=display-tender-details
Transport and Main Roads,"CSSR - Customer Services, Safety & Regulation",Transport and Infrastructure Services,CD - Physical Works,FPP01623 - Berthing Facility Construction Burnett River - ?Construction of a berthing facility for AtoN Access on the Burnett River,Oct - Dec 21,TBA," $50,000 ", Less than $1M ,N/A,Wide Bay,North Coast & Wide Bay/Burnett,https://qtenders.hpw.qld.gov.au/qtenders/tender/display/tender-details.do?id=33731&action=display-tender-details
Transport and Main Roads,"CSSR - Customer Services, Safety & Regulation",Transport and Infrastructure Services,TSD - Navigational services,FPP01632 - Bundaberg B1 Replacement - ?Replacement of Bundaberg Beacon 1,Jul - Sep 21,TBA," $350,000 ", Less than $1M ,N/A,Wide Bay,North Coast & Wide Bay/Burnett,https://qtenders.hpw.qld.gov.au/qtenders/tender/display/tender-details.do?id=33731&action=display-tender-details
Transport and Main Roads,IMD - Infrastructure Management & Delivery,Transport and Infrastructure Services,MPE - Specialised Tech & Specific Equipment,"FPP01660 - Survey Equipment - ?Purchase of new Trimble survey equipment to replace superseeded models
",Jan - Mar 22,TBA," $100,000 ", Less than $1M ,N/A,Wide Bay,North Coast & Wide Bay/Burnett,https://qtenders.hpw.qld.gov.au/qtenders/tender/display/tender-details.do?id=33731&action=display-tender-details
Transport and Main Roads,IMD - Infrastructure Management & Delivery,Transport and Infrastructure Services,MPE - Specialised Tech & Specific Equipment,"FPP01661 - Global Navigation Satellite Systems (GNSS) Base Station - Beerburrum to Nambour Use Only - Global Navigation Satellite Systems (GNSS) Base Station - Beerburrum to Nambour Use Only?
",Jan - Mar 22,TBA," $50,000 ", Less than $1M ,N/A,South East Queensland,North Coast & Wide Bay/Burnett,https://qtenders.hpw.qld.gov.au/qtenders/tender/display/tender-details.do?id=33731&action=display-tender-details
Transport and Main Roads,IMD - Infrastructure Management & Delivery,Transport and Infrastructure Services,MPE - Specialised Tech & Specific Equipment,"FPP01662 - Purchase of Plant and Equipment - Remote Piloted Aircraft System (RPAS) Drone - Beerburrum to Nambour Use Only?

",Oct - Dec 21,TBA," $20,000 ", Less than $1M ,N/A,Wide Bay,North Coast & Wide Bay/Burnett,https://qtenders.hpw.qld.gov.au/qtenders/tender/display/tender-details.do?id=33731&action=display-tender-details
Transport and Main Roads,IMD - Infrastructure Management & Delivery,Transport and Infrastructure Services,MPE - Specialised Tech & Specific Equipment,"FPP01664 - Purchase of Minor Equipment - Electrical Inspection and Cable locator for Electrical Inspectors
",Oct - Dec 21,TBA," $15,000 ", Less than $1M ,N/A,Wide Bay,North Coast & Wide Bay/Burnett,https://qtenders.hpw.qld.gov.au/qtenders/tender/display/tender-details.do?id=33731&action=display-tender-details
Transport and Main Roads,IMD - Infrastructure Management & Delivery,Transport and Infrastructure Services,MPE - Specialised Tech & Specific Equipment,"FPP01665 - Interactive Display Board - Interactive   Display Board for Wises Road


",Oct - Dec 21,TBA," $25,000 ", Less than $1M ,N/A,Wide Bay,North Coast & Wide Bay/Burnett,https://qtenders.hpw.qld.gov.au/qtenders/tender/display/tender-details.do?id=33731&action=display-tender-details
Transport and Main Roads,IMD - Infrastructure Management & Delivery,Transport and Infrastructure Services,MPE - Specialised Tech & Specific Equipment,"FPP01666 - Purchase of Suvey Equipment - ??Terrestrial Laser Scanner Survey Instrument Trimble X7 Scanner Kit
",Jul - Sep 21,TBA," $100,000 ", Less than $1M ,N/A,Wide Bay,North Coast & Wide Bay/Burnett,https://qtenders.hpw.qld.gov.au/qtenders/tender/display/tender-details.do?id=33731&action=display-tender-details
Transport and Main Roads,IMD - Infrastructure Management & Delivery,Transport and Infrastructure Services,MPE - Specialised Tech & Specific Equipment,"FPP01667 - Purchase of Survey Equipment  - ?Terrestrial Laser Scanner Survey Instrument? Trimble   SX12 Scanner Kit 

",Oct - Dec 21,TBA," $100,000 ", Less than $1M ,N/A,Wide Bay,North Coast & Wide Bay/Burnett,https://qtenders.hpw.qld.gov.au/qtenders/tender/display/tender-details.do?id=33731&action=display-tender-details
Transport and Main Roads,IMD - Infrastructure Management & Delivery,Transport and Infrastructure Services,MPE - Specialised Tech & Specific Equipment,"FPP01668 - Purchase of Survey Equipment  - ?Global Navigation Satellite Systems (GNSS)Continually Operating Reference Station (CORS) Base Station 

",Oct - Dec 21,TBA," $50,000 ", Less than $1M ,N/A,Wide Bay,North Coast & Wide Bay/Burnett,https://qtenders.hpw.qld.gov.au/qtenders/tender/display/tender-details.do?id=33731&action=display-tender-details
Transport and Main Roads,IMD - Infrastructure Management & Delivery,Transport and Infrastructure Services,MPE - Specialised Tech & Specific Equipment,"FPP01670 - Purchase of new Survey Equipment - ?Ground Penatrating Radar Unit (GPR   Unit) 

",Oct - Dec 21,TBA," $100,000 ", Less than $1M ,N/A,Wide Bay,North Coast & Wide Bay/Burnett,https://qtenders.hpw.qld.gov.au/qtenders/tender/display/tender-details.do?id=33731&action=display-tender-details
Transport and Main Roads,IMD - Infrastructure Management & Delivery,Transport and Infrastructure Services,MPE - Misc Plant & Minor Equipment,"FPP01671 - ?Purchase of 4WD Recovery and Safety Equipment ? - P?urchase of 4WD Recovery and Safety Equipment
",Oct - Dec 21,TBA," $20,000 ", Less than $1M ,N/A,Wide Bay,North Coast & Wide Bay/Burnett,https://qtenders.hpw.qld.gov.au/qtenders/tender/display/tender-details.do?id=33731&action=display-tender-details
Transport and Main Roads,IMD - Infrastructure Management & Delivery,Transport and Infrastructure Services,MPE - Misc Plant & Minor Equipment,"FPP01672 - Purchase of Safety Equipment - Purchase of Safety Equipment - Dual Battery and Inverter upgrades ?

",Oct - Dec 21,TBA," $20,000 ", Less than $1M ,N/A,Wide Bay,North Coast & Wide Bay/Burnett,https://qtenders.hpw.qld.gov.au/qtenders/tender/display/tender-details.do?id=33731&action=display-tender-details
Transport and Main Roads,IMD - Infrastructure Management & Delivery,Transport and Infrastructure Services,MPE - Misc Plant & Minor Equipment,"FPP01673 - Purchase of Safety Equipment - Replacement   Radios, Prisms and Misc  

",Jul - Sep 21,TBA," $15,000 ", Less than $1M ,N/A,Wide Bay,North Coast & Wide Bay/Burnett,https://qtenders.hpw.qld.gov.au/qtenders/tender/display/tender-details.do?id=33731&action=display-tender-details
Transport and Main Roads,IMD - Infrastructure Management & Delivery,Transport and Infrastructure Services,MPE - Specialised Tech & Specific Equipment,"FPP01674 - Purchase of Survey Equipment - ?
Purchase of Survey Equipment 360 Degree   Site Capture Camera

",Jul - Sep 21,TBA," $15,000 ", Less than $1M ,N/A,Wide Bay,North Coast & Wide Bay/Burnett,https://qtenders.hpw.qld.gov.au/qtenders/tender/display/tender-details.do?id=33731&action=display-tender-details
Transport and Main Roads,C - Corporate,Building Construction and Maintenance,FM - Construction,"FPP01778 - Sunshine Coast Regional Office - Construction of internal fitout at Wises Road, Maroochydore?

",Oct - Dec 21,TBA," $9,200,000 ", $5M - $10M ,N/A,South East Queensland,North Coast & Wide Bay/Burnett,https://qtenders.hpw.qld.gov.au/qtenders/tender/display/tender-details.do?id=33731&action=display-tender-details
Transport and Main Roads,IMD - Infrastructure Management & Delivery,Transport and Infrastructure Services,CM - Quarry Products,FPP01352 - Supply & Delivery of Quarry Products - Quarry Materials,Jul - Sep 21,TBA, $-   , N/A ,N/A,Townsville,North Queensland,https://qtenders.hpw.qld.gov.au/qtenders/tender/display/tender-details.do?id=33731&action=display-tender-details
Transport and Main Roads,C - Corporate,General Goods and Services,FM - Furniture and Fit-Out,"FPP01400 - Cairns Corporate Tower refurbishment - Internal Office Fit-Out

",Jul - Sep 21,TBA," $3,500,000 ", $1M - $5M ,N/A,Cairns,North Queensland,https://qtenders.hpw.qld.gov.au/qtenders/tender/display/tender-details.do?id=33731&action=display-tender-details
Transport and Main Roads,C - Corporate,General Goods and Services,FM - Furniture and Fit-Out,"FPP01401 - MSQ Cairns Marine Base Refurbishment - Refurbishment of internal Fit-Out at Cairns MSQ MOB
",Jul - Sep 21,TBA," $2,000,000 ", $1M - $5M ,N/A,Cairns,North Queensland,https://qtenders.hpw.qld.gov.au/qtenders/tender/display/tender-details.do?id=33731&action=display-tender-details
Transport and Main Roads,IMD - Infrastructure Management & Delivery,Transport and Infrastructure Services,CD - Physical Works,"FPP01441 - Vegetation Management - Tree Services - Vegetation Management - Tree Services?
",Jul - Sep 21,TBA, $-   , N/A ,N/A,Townsville,North Queensland,https://qtenders.hpw.qld.gov.au/qtenders/tender/display/tender-details.do?id=33731&action=display-tender-details
Transport and Main Roads,"CSSR - Customer Services, Safety & Regulation",Information and Communication Technology,ICT - Telecommunications,FPP01607 - Pelorous Island VHF Backup - ?Establish VHF Backup for Pelorous Island,Apr - Jun 22,TBA," $80,000 ", Less than $1M ,N/A,Townsville,North Queensland,https://qtenders.hpw.qld.gov.au/qtenders/tender/display/tender-details.do?id=33731&action=display-tender-details
Transport and Main Roads,"CSSR - Customer Services, Safety & Regulation",Transport and Infrastructure Services,MPE - Specialised Tech & Specific Equipment,"FPP01616 - Townsville UPS Power Replacement - ?Townsville UPS Power Replacement
",Jul - Sep 21,TBA," $45,000 ", Less than $1M ,N/A,Townsville,North Queensland,https://qtenders.hpw.qld.gov.au/qtenders/tender/display/tender-details.do?id=33731&action=display-tender-details
Transport and Main Roads,"CSSR - Customer Services, Safety & Regulation",Information and Communication Technology,ICT - Telecommunications,FPP01619 - Townsville VOIP - IPR 400 Replacements - ?Townsville VOIP - IPR 400 Replacement,Jul - Sep 21,TBA," $40,000 ", Less than $1M ,N/A,Townsville,North Queensland,https://qtenders.hpw.qld.gov.au/qtenders/tender/display/tender-details.do?id=33731&action=display-tender-details
Transport and Main Roads,"CSSR - Customer Services, Safety & Regulation",Transport and Infrastructure Services,MPE - Specialised Tech & Specific Equipment,FPP01625 - Quoin Island Power Replacement - ?Quoin Island Power Replacement,Apr - Jun 22,TBA," $45,000 ", Less than $1M ,N/A,Central Queensland,North Queensland,https://qtenders.hpw.qld.gov.au/qtenders/tender/display/tender-details.do?id=33731&action=display-tender-details
Transport and Main Roads,"CSSR - Customer Services, Safety & Regulation",Transport and Infrastructure Services,CD - Physical Works,FPP01627 - Hay Point Communication Tower - ?Hay Point Communication Tower,Apr - Jun 22,TBA," $150,000 ", Less than $1M ,N/A,Mackay - Isaac - Whitsunday,North Queensland,https://qtenders.hpw.qld.gov.au/qtenders/tender/display/tender-details.do?id=33731&action=display-tender-details
Transport and Main Roads,"CSSR - Customer Services, Safety & Regulation",Transport and Infrastructure Services,CD - Physical Works,FPP01629 - Mackay Harbour Leads Replacements - ?Replacement of Mackay Harbour Leads,Apr - Jun 22,TBA," $1,300,000 ", $1M - $5M ,N/A,Mackay - Isaac - Whitsunday,North Queensland,https://qtenders.hpw.qld.gov.au/qtenders/tender/display/tender-details.do?id=33731&action=display-tender-details
Transport and Main Roads,C - Corporate,Building Construction and Maintenance,FM - Construction,"FPP01658 - Kenny Street CSC carpark - Kenny Street CSC Carpark 

",Jul - Sep 21,TBA," $650,000 ", Less than $1M ,N/A,Cairns,North Queensland,https://qtenders.hpw.qld.gov.au/qtenders/tender/display/tender-details.do?id=33731&action=display-tender-details
Transport and Main Roads,IMD - Infrastructure Management & Delivery,Transport and Infrastructure Services,MPE - Specialised Tech & Specific Equipment,"FPP01694 - GNS Base and Rover Kit - ?GNS Base and Rover Kit?
",Oct - Dec 21,TBA," $132,000 ", Less than $1M ,N/A,Townsville,North Queensland,https://qtenders.hpw.qld.gov.au/qtenders/tender/display/tender-details.do?id=33731&action=display-tender-details
Transport and Main Roads,IMD - Infrastructure Management & Delivery,Transport and Infrastructure Services,MPE - Specialised Tech & Specific Equipment,"FPP01696 - Drying Oven 500L - Soils Lab - ?Drying   Oven 500L - Soils L?ab?


",Jul - Sep 21,TBA," $7,178 ", Less than $1M ,N/A,Townsville,North Queensland,https://qtenders.hpw.qld.gov.au/qtenders/tender/display/tender-details.do?id=33731&action=display-tender-details
Transport and Main Roads,IMD - Infrastructure Management & Delivery,Transport and Infrastructure Services,MPE - Misc Plant & Minor Equipment,"FPP01697 - Incubator 500L - Soils Lab - ?Incubator   500L - Soils Lab?


",Jul - Sep 21,TBA," $11,743 ", Less than $1M ,N/A,Townsville,North Queensland,https://qtenders.hpw.qld.gov.au/qtenders/tender/display/tender-details.do?id=33731&action=display-tender-details
Transport and Main Roads,IMD - Infrastructure Management & Delivery,Information and Communication Technology,ICT - Print & MFD,"FPP01698 - Desktop A3 digital scanner - ?Desktop A3 digital scanner?


",Jul - Sep 21,TBA," $9,350 ", Less than $1M ,N/A,Townsville,North Queensland,https://qtenders.hpw.qld.gov.au/qtenders/tender/display/tender-details.do?id=33731&action=display-tender-details
Transport and Main Roads,IMD - Infrastructure Management & Delivery,Information and Communication Technology,ICT - Hardware,"FPP01699 - AV Upgrade for Great Keppel Room - ?AV   Upgrade for Great Keppel Room?


",Jan - Mar 22,TBA," $165,000 ", Less than $1M ,N/A,Townsville,North Queensland,https://qtenders.hpw.qld.gov.au/qtenders/tender/display/tender-details.do?id=33731&action=display-tender-details
Transport and Main Roads,IMD - Infrastructure Management & Delivery,Information and Communication Technology,ICT - Print & MFD,"FPP01700 - Multi-Functional Devices? - ?Multi-Functional Devices?
",Jan - Mar 22,TBA," $11,000 ", Less than $1M ,N/A,Townsville,North Queensland,https://qtenders.hpw.qld.gov.au/qtenders/tender/display/tender-details.do?id=33731&action=display-tender-details
Transport and Main Roads,IMD - Infrastructure Management & Delivery,General Goods and Services,HC - Learning & Development,"FPP01704 - Training and Development 2021/22 for various training courses - ?Training and Development 2021/22? for various training courses
",Apr - Jun 22,TBA," $175,120 ", Less than $1M ,N/A,Townsville,North Queensland,https://qtenders.hpw.qld.gov.au/qtenders/tender/display/tender-details.do?id=33731&action=display-tender-details
Transport and Main Roads,IMD - Infrastructure Management & Delivery,Transport and Infrastructure Services,MPE - Misc Plant & Minor Equipment,FPP01708 - 11KVA Generator - ?11KVA Generator required for remote use for Soils Lab,Jul - Sep 21,TBA," $15,000 ", Less than $1M ,N/A,Townsville,North Queensland,https://qtenders.hpw.qld.gov.au/qtenders/tender/display/tender-details.do?id=33731&action=display-tender-details
Transport and Main Roads,IMD - Infrastructure Management & Delivery,Transport and Infrastructure Services,MPE - Specialised Tech & Specific Equipment,"FPP01710 - California Bearing Ration (CBR) Machine for testing soil - P?urchase of a CBR Machine for the Soils Lab
",Jul - Sep 21,TBA," $15,000 ", Less than $1M ,N/A,Townsville,North Queensland,https://qtenders.hpw.qld.gov.au/qtenders/tender/display/tender-details.do?id=33731&action=display-tender-details
Transport and Main Roads,IMD - Infrastructure Management & Delivery,Transport and Infrastructure Services,MPE - Specialised Tech & Specific Equipment,FPP01711 - Leica Nova MS60 Multi-Station Survey Instrument - ?Leica Nova MS60 Multi-Station Survey Instrument,Jan - Mar 22,TBA," $95,000 ", Less than $1M ,N/A,Townsville,North Queensland,https://qtenders.hpw.qld.gov.au/qtenders/tender/display/tender-details.do?id=33731&action=display-tender-details
Transport and Main Roads,IMD - Infrastructure Management & Delivery,Transport and Infrastructure Services,MPE - Specialised Tech & Specific Equipment,FPP01712 - Texture Depth Measuring Machine - ?Texture Depth Measuring Machine (to measure depth of bitumen),Jul - Sep 21,TBA," $13,500 ", Less than $1M ,N/A,Townsville,North Queensland,https://qtenders.hpw.qld.gov.au/qtenders/tender/display/tender-details.do?id=33731&action=display-tender-details
Transport and Main Roads,IMD - Infrastructure Management & Delivery,Transport and Infrastructure Services,MPE - Specialised Tech & Specific Equipment,FPP01713 - Mobile CCTV Cam with Trailer  - ?Mobile CCTV Cam with Trailer,Oct - Dec 21,TBA," $50,000 ", Less than $1M ,N/A,Townsville,North Queensland,https://qtenders.hpw.qld.gov.au/qtenders/tender/display/tender-details.do?id=33731&action=display-tender-details
Transport and Main Roads,IMD - Infrastructure Management & Delivery,Transport and Infrastructure Services,MPE - Specialised Tech & Specific Equipment,"FPP01715 - CBR Machine and associated software  - ?CBR Machine and associated software for the Soils Lab Cloncurry
",Jul - Sep 21,TBA," $15,000 ", Less than $1M ,N/A,Townsville,North Queensland,https://qtenders.hpw.qld.gov.au/qtenders/tender/display/tender-details.do?id=33731&action=display-tender-details
Transport and Main Roads,C - Corporate,Building Construction and Maintenance,FM - Maintenance & Repairs,"FPP01725 - Roof repairs for Garbutt CSC - Roof repairs? for Garbutt CSC
",Oct - Dec 21,TBA," $10,000 ", Less than $1M ,N/A,Townsville,North Queensland,https://qtenders.hpw.qld.gov.au/qtenders/tender/display/tender-details.do?id=33731&action=display-tender-details
Transport and Main Roads,C - Corporate,Building Construction and Maintenance,FM - Maintenance & Repairs,FPP01765 - External Repainting of Garbutt CSC - External Repainting of Garbutt CSC,Apr - Jun 22,TBA," $50,000 ", Less than $1M ,N/A,Townsville,North Queensland,https://qtenders.hpw.qld.gov.au/qtenders/tender/display/tender-details.do?id=33731&action=display-tender-details
Transport and Main Roads,C - Corporate,Building Construction and Maintenance,FM - Maintenance & Repairs,"FPP01770 - Plumbing Services for Manunda Depot - Plumbing Services for Manunda Depot to Redirect Water from Exterior of Lab Buildings
",Jul - Sep 21,TBA," $10,000 ", Less than $1M ,N/A,Townsville,North Queensland,https://qtenders.hpw.qld.gov.au/qtenders/tender/display/tender-details.do?id=33731&action=display-tender-details
Transport and Main Roads,C - Corporate,Building Construction and Maintenance,FM - Maintenance & Repairs,"FPP01771 - Replacement of Roof at Burdekin Bridge Depot - Replacement of Roof on the Adminstration Building at the Burdekin Bridge Depot
",Oct - Dec 21,TBA," $25,000 ", Less than $1M ,N/A,Townsville,North Queensland,https://qtenders.hpw.qld.gov.au/qtenders/tender/display/tender-details.do?id=33731&action=display-tender-details
Transport and Main Roads,C - Corporate,Building Construction and Maintenance,FM - Maintenance & Repairs,"FPP01772 - Replacement of Concrete at Cluden Depot - Replacement of Concrete to Main Wok Area at Rear of Shed 5
",Apr - Jun 22,TBA," $40,000 ", Less than $1M ,N/A,Townsville,North Queensland,https://qtenders.hpw.qld.gov.au/qtenders/tender/display/tender-details.do?id=33731&action=display-tender-details
Transport and Main Roads,C - Corporate,Building Construction and Maintenance,FM - Maintenance & Repairs,"FPP01776 - Steel Work - Carry out repairs to the Steel Framework on the Electrical Civill Shed at Coombabah Depot?
",Apr - Jun 22,TBA," $30,000 ", Less than $1M ,N/A,South East Queensland,South Coast,https://qtenders.hpw.qld.gov.au/qtenders/tender/display/tender-details.do?id=33731&action=display-tender-details
Transport and Main Roads,IMD - Infrastructure Management & Delivery,Information and Communication Technology,ICT - Software,FPP01586 - TMRICTFP20025 Lucas Bridge Software  - Replacing expiring contract for Lucas Bridge Software,Jan - Mar 21,TBA," $250,000 ", Less than $1M ,N/A,South East Queensland,South East Qld,https://qtenders.hpw.qld.gov.au/qtenders/tender/display/tender-details.do?id=33731&action=display-tender-details
Transport and Main Roads,"CSSR - Customer Services, Safety & Regulation",Information and Communication Technology,ICT - Software,FPP01594 - TMRICTFP20031 Tidal Display software for Vessel Traffic Services (VTS) - Purchase of  Tidal Display software for VTS,Oct - Dec 21,TBA," $500,000 ", Less than $1M ,N/A,South East Queensland,South East Qld,https://qtenders.hpw.qld.gov.au/qtenders/tender/display/tender-details.do?id=33731&action=display-tender-details
Transport and Main Roads,"CSSR - Customer Services, Safety & Regulation",Transport and Infrastructure Services,MPE - Specialised Tech & Specific Equipment,FPP01630 - Double Island Port Communication - ?Double Island Port Communication,Jul - Sep 21,TBA," $70,000 ", Less than $1M ,N/A,South East Queensland,South East Qld,https://qtenders.hpw.qld.gov.au/qtenders/tender/display/tender-details.do?id=33731&action=display-tender-details
Transport and Main Roads,"CSSR - Customer Services, Safety & Regulation",Information and Communication Technology,ICT - Hardware,FPP01651 - Purchase MSQ Brisbane CCTV Network Products - ?Purchase MSQ Brisbane CCTV Network products,Apr - Jun 22,TBA," $190,000 ", Less than $1M ,N/A,South East Queensland,South East Qld,https://qtenders.hpw.qld.gov.au/qtenders/tender/display/tender-details.do?id=33731&action=display-tender-details
Transport and Main Roads,"CSSR - Customer Services, Safety & Regulation",Transport and Infrastructure Services,CD - Physical Works,"FPP01652 - Berth Upgrade Services - Cabbage Tree Creek Trawler Berth Services Upgrade
",Oct - Dec 21,TBA," $273,000 ", Less than $1M ,N/A,South East Queensland,South East Qld,https://qtenders.hpw.qld.gov.au/qtenders/tender/display/tender-details.do?id=33731&action=display-tender-details
Transport and Main Roads,IMD - Infrastructure Management & Delivery,Information and Communication Technology,ICT - ICT Services,FPP01349 - TMRICT19158 QLD Traffic website - TMRICT19158 QLD Traffic website,Jul - Sep 21,TBA," $1,068,000 ", $1M - $5M ,N/A,Multiple,State Wide,https://qtenders.hpw.qld.gov.au/qtenders/tender/display/tender-details.do?id=33731&action=display-tender-details
Transport and Main Roads,C - Corporate,Information and Communication Technology,ICT - Software,FPP01360 - Salesforce (inc Mulesoft and Tableau) SOA - SOA for Salesforce Products and Services (inc Mulesoft and Tableau) ?,Oct - Dec 21,TBA," $500,000 ", Less than $1M ,N/A,Multiple,State Wide,https://qtenders.hpw.qld.gov.au/qtenders/tender/display/tender-details.do?id=33731&action=display-tender-details
Transport and Main Roads,"CSSR - Customer Services, Safety & Regulation",General Goods and Services,HC - White Collar - Specialised Services,FPP01370 - Plan.Drive.Survive Comprehensive Drink Driving Education Program - Engagement of provider(s) to deliver a behaviour change program to repeat drink driving offenders,Jul - Sep 21,TBA," $4,000,000 ", $1M - $5M ,N/A,Multiple,State Wide,https://qtenders.hpw.qld.gov.au/qtenders/tender/display/tender-details.do?id=33731&action=display-tender-details
Transport and Main Roads,"CSSR - Customer Services, Safety & Regulation",Transport and Infrastructure Services,MPE - Specialised Tech & Specific Equipment,FPP01380 - Moving Vessel Profiler - Purchase of a Moving Vessel Profiler,Oct - Dec 21,TBA," $120,000 ", Less than $1M ,N/A,Multiple,State Wide,https://qtenders.hpw.qld.gov.au/qtenders/tender/display/tender-details.do?id=33731&action=display-tender-details
Transport and Main Roads,IMD - Infrastructure Management & Delivery,General Goods and Services,HC - White Collar - Specialised Services,"FPP01605 - Speed Survey 2020 - ?A contractor with specialist skills in analysing speed probe data will be required to complete speed surveys.
",Jul - Sep 21,TBA, $-   , N/A ,N/A,Multiple,State Wide,https://qtenders.hpw.qld.gov.au/qtenders/tender/display/tender-details.do?id=33731&action=display-tender-details
Transport and Main Roads,"CSSR - Customer Services, Safety & Regulation",Information and Communication Technology,ICT - Hardware,FPP01618 - Ruggedised Laptop Replacements  - ?Ruggedised Laptops x 2 per year,Apr - Jun 22,TBA," $20,000 ", Less than $1M ,N/A,Multiple,State Wide,https://qtenders.hpw.qld.gov.au/qtenders/tender/display/tender-details.do?id=33731&action=display-tender-details
Transport and Main Roads,IMD - Infrastructure Management & Delivery,General Goods and Services,HC - White Collar - Specialised Services,"FPP01683 - Camera Detected Offence Progam Evaluation - ?A contractor with specialist skills to evaluate the Camera Detected Offence Program
",Jan - Mar 22,TBA," $70,000 ", Less than $1M ,N/A,Multiple,State Wide,https://qtenders.hpw.qld.gov.au/qtenders/tender/display/tender-details.do?id=33731&action=display-tender-details
Transport and Main Roads,IMD - Infrastructure Management & Delivery,General Goods and Services,HC - White Collar - Specialised Services,"FPP01684 - Speed Survey 2021 - ? A contractor with specialist skills in analysing speed probe data will be required to complete speed surveys.
",Apr - Jun 22,TBA, $-   , N/A ,N/A,Multiple,State Wide,https://qtenders.hpw.qld.gov.au/qtenders/tender/display/tender-details.do?id=33731&action=display-tender-details
Energy and Public Works,Major Projects,Building Construction and Maintenance,Building Contractors,"South-East Queensland, Tugun, Bribie Island, Caboolture, Pine Rivers, Brisbane Southside, Redlands, & Ipswich, Satellite Hospitals: New Construction Work / Addition, General Building, Satellite Hospitals",TBA,Select," $265,000,000 ", $100M+ ,Funded,Multiple,Various,https://ops.hpw.qld.gov.au/Project/Details?id=10194-23979
Energy and Public Works,Government Employee Housing,Building Construction and Maintenance,Building Contractors,"Hope Vale, Lot 24 & Lot 25, 1x2 & 1x3 Bdrm (Lot 24) & 2x3Bdrm (Lot 25)",Oct - Dec 21,TBA," $3,000,000 ", $1M - $5M ,Funded,Queensland - Outback,Far North,https://ops.hpw.qld.gov.au/Project/Details?id=10237
Education,,Building Construction and Maintenance,Building Contractors,"Ashmore, Bellevue Park State School, New Learning Centre",Jan - Mar 22,TBA," $4,876,000 ", $1M - $5M ,Funded,South East Queensland,Moreton South/Gold Coast,https://ops.hpw.qld.gov.au/Project/Details?id=9981
Education,,Building Construction and Maintenance,Building Contractors,"Aspley, Aspley Special School, New Learning Centre",Jan - Mar 22,TBA," $10,488,000 ", $10M - $50M ,Funded,South East Queensland,Brisbane,https://ops.hpw.qld.gov.au/Project/Details?id=9980
Education,,Building Construction and Maintenance,Building Contractors,"Aviation High, Widdop Street, Hendra 4011, Future Skills Pathways",Apr - Jun 22,TBA," $1,100,000 ", $1M - $5M ,Funded,South East Queensland,Brisbane,https://ops.hpw.qld.gov.au/Project/Details?id=10165
Education,,Building Construction and Maintenance,Building Contractors,"Ayr State High School, Cnr Edwards & Wickham Streets, Ayr, 4807, School Halls Program",Oct - Dec 21,TBA," $6,325,000 ", $5M - $10M ,Funded,Townsville,Northern,https://ops.hpw.qld.gov.au/Project/Details?id=10196
Education,,Building Construction and Maintenance,Building Contractors,"Bowen State High School, 1-9 Argyle Park Road, Bowen, 4805, Future Skills Pathways",Jul - Sep 21,TBA," $1,540,000 ", $1M - $5M ,Funded,Mackay - Isaac - Whitsunday,Mackay,https://ops.hpw.qld.gov.au/Project/Details?id=10166
"Employment, Small Business and Training",,Building Construction and Maintenance,Building Contractors,"Bowen, Bowen TAFE, Several buildings",Jul - Sep 21,TBA," $3,400,000 ", $1M - $5M ,Funded,Mackay - Isaac - Whitsunday,Mackay,https://ops.hpw.qld.gov.au/Project/Details?id=10134
Education,,Building Construction and Maintenance,Building Contractors,"Bracken Ridge, Bracken Ridge State High School, New Learning Centre",Jan - Mar 22,TBA," $10,764,000 ", $10M - $50M ,Funded,South East Queensland,Brisbane,https://ops.hpw.qld.gov.au/Project/Details?id=9982
Education,,Building Construction and Maintenance,Building Contractors,"Buderim Mountain State School, 8-42 Main Street, Buderim, 4556, School Hall Program",Oct - Dec 21,TBA," $5,500,000 ", $5M - $10M ,Funded,South East Queensland,Moreton North/Sunshine Coast,https://ops.hpw.qld.gov.au/Project/Details?id=10197
"Employment, Small Business and Training",,Building Construction and Maintenance,Building Contractors,"Bundaberg, Bundaberg TAFE, Bundaberg Trade Modernisation: Refurbishment / Renovation / Repairs, General Building, Trade Training Modernisation",Jul - Sep 21,Select," $2,000,000 ", $1M - $5M ,Funded,Wide Bay,Wide Bay Burnett,https://ops.hpw.qld.gov.au/Project/Details?id=10192-23977
Queensland Police Service,,Building Construction and Maintenance,Building Contractors,"Burketown, Lot 615 B1361 Sloman Street, Police station: Modular / Prefabricated Building Systems, General Building, Replace existing police station",Jul - Sep 21,Open," $2,000,000 ", $1M - $5M ,Funded,Queensland - Outback,North West,https://ops.hpw.qld.gov.au/Project/Details?id=10032-23704
Education,,Building Construction and Maintenance,Building Contractors,"Burnside State High School, Blaxland Road, Burnside, 4560, School Hall Program",Oct - Dec 21,TBA," $11,770,000 ", $10M - $50M ,Funded,South East Queensland,Moreton North/Sunshine Coast,https://ops.hpw.qld.gov.au/Project/Details?id=10198
Education,,Building Construction and Maintenance,Building Contractors,"Caboolture, Caboolture State High School, New Learning Centre",Jan - Mar 22,TBA," $12,512,000 ", $10M - $50M ,Funded,South East Queensland,Brisbane,https://ops.hpw.qld.gov.au/Project/Details?id=9983
Queensland Police Service,,Building Construction and Maintenance,Building Contractors,"Cairns West, 3-5 Pease Street , Manoora, Police Facility",Jan - Mar 22,TBA," $2,300,000 ", $1M - $5M ,Funded,Queensland - Outback,Far North,https://ops.hpw.qld.gov.au/Project/Details?id=10082
Health,,Building Construction and Maintenance,Building Contractors,"Cairns, Cairns Hospital, Emergency Department",TBA,TBA," $30,000,000 ", $10M - $50M ,Funded,Queensland - Outback,Far North,https://ops.hpw.qld.gov.au/Project/Details?id=10047
Health,,Building Construction and Maintenance,Building Contractors,"Cairns, Cairns Hospital, Mental Health Unit: New Construction Work / Addition, General Building",TBA,TBA," $70,000,000 ", $50M - $100M ,Funded,Queensland - Outback,Far North,https://ops.hpw.qld.gov.au/Project/Details?id=9932-23556
Education,,Building Construction and Maintenance,Building Contractors,"Calamvale, Calamvale Special School, New Learning Centre",Oct - Dec 21,TBA," $11,868,000 ", $10M - $50M ,Funded,South East Queensland,Brisbane,https://ops.hpw.qld.gov.au/Project/Details?id=10096
"Employment, Small Business and Training",,Building Construction and Maintenance,Building Contractors,"Cannonvale, Cannonvale TAFE, Aquaculture Training Centre",Oct - Dec 21,TBA," $2,000,000 ", $1M - $5M ,Funded,Mackay - Isaac - Whitsunday,Mackay,https://ops.hpw.qld.gov.au/Project/Details?id=10132
Education,,Building Construction and Maintenance,Building Contractors,"Chancellor State College, 164 Sippy Downs Drive, Sippy Downs, 4556, School Hall Program",Apr - Jun 22,TBA," $9,350,000 ", $5M - $10M ,Funded,South East Queensland,Moreton North/Sunshine Coast,https://ops.hpw.qld.gov.au/Project/Details?id=10184
Education,,Building Construction and Maintenance,Building Contractors,"Chinchilla State High School, 7 Tara Road, Chinchilla, 4413, Future Skills Pathways",Apr - Jun 22,TBA," $3,080,000 ", $1M - $5M ,Funded,Darling Downs - Maranoa,Darling Downs,https://ops.hpw.qld.gov.au/Project/Details?id=10167
Education,,Building Construction and Maintenance,Building Contractors,"Clermont State High School, 1 Kitchener Street, Clermont, 4721, Future Skills Pathways",Jul - Sep 21,TBA," $1,430,000 ", $1M - $5M ,Funded,Mackay - Isaac - Whitsunday,Mackay,https://ops.hpw.qld.gov.au/Project/Details?id=10169
Education,,Building Construction and Maintenance,Building Contractors,"Coombabah, Coombabah State High School, New Learning Centre",Jan - Mar 22,TBA," $12,972,000 ", $10M - $50M ,Funded,South East Queensland,Moreton South/Gold Coast,https://ops.hpw.qld.gov.au/Project/Details?id=9987
"Employment, Small Business and Training",,Building Construction and Maintenance,Building Contractors,"Coomera, Coomera TAFE, New Marine Training Centre: New Construction Work / Addition, General Building, New standalone Marine Trade Training Centre and associated infrastructure and works",TBA,Select," $11,082,000 ", $10M - $50M ,Funded,South East Queensland,Moreton South/Gold Coast,https://ops.hpw.qld.gov.au/Project/Details?id=9918-23861
Queensland Police Service,,Building Construction and Maintenance,Building Contractors,"Cooroy, Cnr Maple and Garnet Street, Replacement police facility",Jan - Mar 22,TBA," $4,000,000 ", $1M - $5M ,Funded,South East Queensland,Moreton North/Sunshine Coast,https://ops.hpw.qld.gov.au/Project/Details?id=10233
Queensland Police Service,,Building Construction and Maintenance,Building Contractors,"Dalby, Drayton Street, Police station",Jul - Sep 21,TBA," $11,500,000 ", $10M - $50M ,Funded,Darling Downs - Maranoa,Darling Downs,https://ops.hpw.qld.gov.au/Project/Details?id=9952
Queensland Police Service,,Building Construction and Maintenance,Building Contractors,"Dayboro, 12 Bradley Street, Dayboro Police Facility",Oct - Dec 21,TBA," $8,000,000 ", $5M - $10M ,Funded,South East Queensland,Brisbane,https://ops.hpw.qld.gov.au/Project/Details?id=10232
Education,,Building Construction and Maintenance,Building Contractors,"Deception Bay State School, King Street, Deception Bay, 4508, School Hall Program - New multi-purpose hall",Oct - Dec 21,TBA," $5,500,000 ", $5M - $10M ,Funded,South East Queensland,Moreton North/Sunshine Coast,https://ops.hpw.qld.gov.au/Project/Details?id=10201
Education,,Building Construction and Maintenance,Building Contractors,"Durack, Glenala State High School, New Learning Centre",Jan - Mar 22,TBA," $7,544,000 ", $5M - $10M ,Funded,South East Queensland,Brisbane,https://ops.hpw.qld.gov.au/Project/Details?id=9993
Education,,Building Construction and Maintenance,Building Contractors,"Dysart State High School, Edgerley Street, Dysart, 4745, Future Skills Pathways",Jul - Sep 21,TBA," $990,000 ", Less than $1M ,Funded,Central Queensland,Fitzroy,https://ops.hpw.qld.gov.au/Project/Details?id=10170
Education,,Building Construction and Maintenance,Building Contractors,"Edge Hill State School, 254 Pease Street, Edge Hill Qld 4870, Administration Growth",Apr - Jun 22,TBA," $4,860,000 ", $1M - $5M ,Funded,Queensland - Outback,Far North,https://ops.hpw.qld.gov.au/Project/Details?id=10144
Education,,Building Construction and Maintenance,Building Contractors,"Emerald State School, Anakie Street, Emerald Qld 4720, Administration Growth - Extend Administration",Apr - Jun 22,TBA," $1,620,000 ", $1M - $5M ,Funded,Central Queensland,Fitzroy,https://ops.hpw.qld.gov.au/Project/Details?id=10145
Education,,Building Construction and Maintenance,Building Contractors,"Enoggera, Enoggera State School, New Learning Centre",Jan - Mar 22,TBA," $6,532,000 ", $5M - $10M ,Funded,South East Queensland,Brisbane,https://ops.hpw.qld.gov.au/Project/Details?id=9989
Education,,Building Construction and Maintenance,Building Contractors,"Flagstone, Flagstone State School, New Learning Centre",Jan - Mar 22,TBA," $6,900,000 ", $5M - $10M ,Funded,South East Queensland,Moreton South/Gold Coast,https://ops.hpw.qld.gov.au/Project/Details?id=9990
Education,,Building Construction and Maintenance,Building Contractors,"Geebung, Geebung Special School, New Learning Centre",Jan - Mar 22,TBA," $7,268,000 ", $5M - $10M ,Funded,South East Queensland,Brisbane,https://ops.hpw.qld.gov.au/Project/Details?id=9992
Education,,Building Construction and Maintenance,Building Contractors,"Gladstone Central State School, 74 Auckland Street, Gladstone Central, 4680, School Hall Program",Oct - Dec 21,TBA," $6,325,000 ", $5M - $10M ,Funded,Wide Bay,Wide Bay Burnett,https://ops.hpw.qld.gov.au/Project/Details?id=10202
Education,,Building Construction and Maintenance,Building Contractors,"Glenala State High School, Glenala Road, Durack, 4077, School Hall Program",Apr - Jun 22,TBA," $5,500,000 ", $5M - $10M ,Funded,South East Queensland,Brisbane,https://ops.hpw.qld.gov.au/Project/Details?id=10185
Health,,Building Construction and Maintenance,Building Contractors,"Gold Coast Hospital & Health Service, GCUH, Secure Mental Health Rehabilitation Unit (SMHRU)",TBA,TBA," $105,544,000 ", $100M+ ,Funded,South East Queensland,Moreton South/Gold Coast,https://ops.hpw.qld.gov.au/Project/Details?id=10087
Education,,Building Construction and Maintenance,Building Contractors,"Gold Coast, Mudgeeraba Special School, New Learning Centre: New Construction Work / Addition, General Building",Jul - Sep 21,Select," $11,960,000 ", $10M - $50M ,Funded,South East Queensland,Moreton South/Gold Coast,https://ops.hpw.qld.gov.au/Project/Details?id=9998-23868
Education,,Building Construction and Maintenance,Building Contractors,"Heatley Secondary College, Cnr Hanlon Street & Fulham Road, Heatley, 4814, Future Skills Pathways",Jul - Sep 21,TBA," $1,100,000 ", $1M - $5M ,Funded,Townsville,Northern,https://ops.hpw.qld.gov.au/Project/Details?id=10171
"Employment, Small Business and Training",,Building Construction and Maintenance,Building Contractors,"Hervey Bay, Hervey Bay TAFE, Nursing and Allied Health Upgrade",Oct - Dec 21,TBA," $1,200,000 ", $1M - $5M ,Funded,Wide Bay,Wide Bay Burnett,https://ops.hpw.qld.gov.au/Project/Details?id=10133
Education,,Building Construction and Maintenance,Building Contractors,"Kallangur, Kallangur State School, New Learning Block, Refurbishment Works",TBA,TBA," $7,899,000 ", $5M - $10M ,Funded,South East Queensland,Brisbane,https://ops.hpw.qld.gov.au/Project/Details?id=9911
Education,,Building Construction and Maintenance,Building Contractors,"Kawana Waters, Kawana Waters State College, New Learning Centre",Jan - Mar 22,TBA," $5,980,000 ", $5M - $10M ,Funded,South East Queensland,Moreton North/Sunshine Coast,https://ops.hpw.qld.gov.au/Project/Details?id=9994
Education,,Building Construction and Maintenance,Building Contractors,"Kingaroy State High School, Toomey Street, Kingaroy, 4610, Future Skills Pathways",Jul - Sep 21,TBA," $1,760,000 ", $1M - $5M ,Funded,South East Queensland,Moreton North/Sunshine Coast,https://ops.hpw.qld.gov.au/Project/Details?id=10172
Education,,Building Construction and Maintenance,Building Contractors,"Kingston State School, 50 Juers St, Kingston QLD 4114, Block F Undercroft Infill: Refurbishment / Renovation / Repairs, General Building",Jul - Sep 21,Open," $900,000 ", Less than $1M ,Funded,South East Queensland,Brisbane,https://ops.hpw.qld.gov.au/Project/Details?id=10235-24044
Education,,Building Construction and Maintenance,Building Contractors,"Lawnton, Pine Rivers Special School, New Learning Centre",Jan - Mar 22,TBA," $13,524,000 ", $10M - $50M ,Funded,South East Queensland,Moreton North/Sunshine Coast,https://ops.hpw.qld.gov.au/Project/Details?id=10000
Education,,Building Construction and Maintenance,Building Contractors,"Longreach State High School, 34  Jabiru Street, Longreach, 4730, Future Skills Pathways",Jul - Sep 21,TBA," $2,860,000 ", $1M - $5M ,Funded,Queensland - Outback,Central West,https://ops.hpw.qld.gov.au/Project/Details?id=10173
Education,,Building Construction and Maintenance,Building Contractors,"Mackay, Mackay Northern Beaches State High School, New Learning Centre",Jan - Mar 22,TBA," $6,164,000 ", $5M - $10M ,Funded,Mackay - Isaac - Whitsunday,Mackay,https://ops.hpw.qld.gov.au/Project/Details?id=9995
Education,,Building Construction and Maintenance,Building Contractors,"Manly, Darling Point Special School, New Learning Centre",Jan - Mar 22,TBA," $12,880,000 ", $10M - $50M ,Funded,South East Queensland,Brisbane,https://ops.hpw.qld.gov.au/Project/Details?id=9976
Education,,Building Construction and Maintenance,Building Contractors,"Mansfield, Mansfield State High School, New Learning Centre",Jan - Mar 22,TBA," $15,640,000 ", $10M - $50M ,Funded,South East Queensland,Brisbane,https://ops.hpw.qld.gov.au/Project/Details?id=10035
Education,,Building Construction and Maintenance,Building Contractors,"Manunda, Trinity Bay State High School, New Learning Centre",Jan - Mar 22,TBA," $10,351,000 ", $10M - $50M ,Funded,Queensland - Outback,Far North,https://ops.hpw.qld.gov.au/Project/Details?id=10011
Education,,Building Construction and Maintenance,Building Contractors,"Miami State High School, 2137-2205 Gold Coast Highway, Miami, 4220, School Hall Program",Oct - Dec 21,TBA," $11,000,000 ", $10M - $50M ,Funded,South East Queensland,Moreton South/Gold Coast,https://ops.hpw.qld.gov.au/Project/Details?id=10186
"Employment, Small Business and Training",,Building Construction and Maintenance,Building Contractors,"Mooloolaba, Mooloolaba TAFE, Cyber Security Training Operation Centre",TBA,TBA," $2,000,000 ", $1M - $5M ,Funded,South East Queensland,Moreton North/Sunshine Coast,https://ops.hpw.qld.gov.au/Project/Details?id=10120
Education,,Building Construction and Maintenance,Building Contractors,"Moranbah, Moranbah East State School, New Learning Centre",Jan - Mar 22,TBA," $5,704,000 ", $5M - $10M ,Funded,Mackay - Isaac - Whitsunday,Mackay,https://ops.hpw.qld.gov.au/Project/Details?id=9997
"Employment, Small Business and Training",,Building Construction and Maintenance,Building Contractors,"Mount Isa, Mount Isa TAFE, Mount Isa Engineering and Workshop Upgrade",Oct - Dec 21,TBA," $1,500,000 ", $1M - $5M ,Funded,Queensland - Outback,North West,https://ops.hpw.qld.gov.au/Project/Details?id=10114
Education,,Building Construction and Maintenance,Building Contractors,"Mundingburra, Townsville Community Learning Centre, New Bldg 2 Storey, 6 Learning Spaces & Undercroft: New Construction Work / Addition, General Building",Jul - Sep 21,Open," $6,992,000 ", $5M - $10M ,Funded,Townsville,Northern,https://ops.hpw.qld.gov.au/Project/Details?id=9816-24032
Education,,Building Construction and Maintenance,Building Contractors,"Nerang State High School, 1-35 Weedons Road, Nerang, 4211, School Hall Program",Jul - Sep 21,TBA," $5,500,000 ", $5M - $10M ,Funded,South East Queensland,Moreton South/Gold Coast,https://ops.hpw.qld.gov.au/Project/Details?id=10187
Education,,Building Construction and Maintenance,Building Contractors,"Nerang State School, 3 Nerang St, Nerang QLD 4211, E Block: Refurbishment / Renovation / Repairs, General Building",Jul - Sep 21,Open," $2,200,000 ", $1M - $5M ,Funded,South East Queensland,Moreton South/Gold Coast,https://ops.hpw.qld.gov.au/Project/Details?id=10236-24045
Education,,Building Construction and Maintenance,Building Contractors,"Noosa District State High School, Tulip Street, Cooroy, 4563, School Hall Program - New multi-purpose hall",Oct - Dec 21,TBA," $6,325,000 ", $5M - $10M ,Funded,South East Queensland,Moreton North/Sunshine Coast,https://ops.hpw.qld.gov.au/Project/Details?id=10204
Education,,Building Construction and Maintenance,Building Contractors,"Oakey State High School, 1 Campbell Street, Oakey, 4401, School Hall Program",Oct - Dec 21,TBA," $6,325,000 ", $5M - $10M ,Funded,Darling Downs - Maranoa,Darling Downs,https://ops.hpw.qld.gov.au/Project/Details?id=10205
Education,,Building Construction and Maintenance,Building Contractors,"Oakleigh State School, Buxton Street, Ashgrove, 4060, School Hall Program - New multi-purpose hall",Oct - Dec 21,TBA," $5,500,000 ", $5M - $10M ,Funded,South East Queensland,Brisbane,https://ops.hpw.qld.gov.au/Project/Details?id=10206
Ambulance Services,,Building Construction and Maintenance,Building Contractors,"Ormeau, Ambulance Station, 115 Peachey Road, Construction of a new ambulance station",Oct - Dec 21,TBA," $4,500,420 ", $1M - $5M ,Funded,South East Queensland,Brisbane,https://ops.hpw.qld.gov.au/Project/Details?id=10241
Education,,Building Construction and Maintenance,Building Contractors,"Park Ridge State School, 3776 Mount Lindesay Highway, Park Ridge Qld 4125, New Administration Building",Jan - Mar 22,TBA," $3,478,000 ", $1M - $5M ,Funded,South East Queensland,Brisbane,https://ops.hpw.qld.gov.au/Project/Details?id=10150
Education,,Building Construction and Maintenance,Building Contractors,"Park Ridge, Park Ridge State High School, New Learning Centre",Jan - Mar 22,TBA," $11,132,000 ", $10M - $50M ,Funded,South East Queensland,Brisbane,https://ops.hpw.qld.gov.au/Project/Details?id=9999
Education,,Building Construction and Maintenance,Building Contractors,"Pimlico State High School, Fulham Road, Gulliver, 4812, Future Skills Pathways & School Hall Program",Jul - Sep 21,TBA," $13,640,000 ", $10M - $50M ,Funded,Townsville,Northern,https://ops.hpw.qld.gov.au/Project/Details?id=10176
Queensland Fire and Emergency Services,,Building Construction and Maintenance,Building Contractors,"Pinkenba, 164 Main Beach Road, Mechanical Workshop",TBA,TBA," $9,000,000 ", $5M - $10M ,Funded,South East Queensland,Brisbane,https://ops.hpw.qld.gov.au/Project/Details?id=9682
Education,,Building Construction and Maintenance,Building Contractors,"Pittsworth State High School, Factory Street, Pittsworth, 4356, School Hall Program",Jul - Sep 21,TBA," $6,875,000 ", $5M - $10M ,Funded,Darling Downs - Maranoa,Darling Downs,https://ops.hpw.qld.gov.au/Project/Details?id=10207
"Communities, Housing and Digital Economy",,Building Construction and Maintenance,Building Contractors,"Portsmith, Cairns, Diversionary Centre, Cairns Diversionary Centre",Oct - Dec 21,TBA," $4,000,000 ", $1M - $5M ,Funded,Queensland - Outback,Far North,https://ops.hpw.qld.gov.au/Project/Details?id=10066
Education,,Building Construction and Maintenance,Building Contractors,"Proserpine, Proserpine State High School, New Learning Centre",Jan - Mar 22,TBA," $3,450,000 ", $1M - $5M ,Funded,Mackay - Isaac - Whitsunday,Mackay,https://ops.hpw.qld.gov.au/Project/Details?id=10001
Ambulance Services,,Building Construction and Maintenance,Building Contractors,"Queensland - Statewide, 20 Amulance Stations, Rolling Generator Upgrade Program Stage 9 Audits",TBA,TBA," $240,000 ", Less than $1M ,Funded,Multiple,Various,https://ops.hpw.qld.gov.au/Project/Details?id=10228
Education,,Building Construction and Maintenance,Building Contractors,"Redlynch State College, Jungara Road, Redlynch, 4870, School Hall Program - Extension to existing hall",Apr - Jun 22,TBA," $7,645,000 ", $5M - $10M ,Funded,Queensland - Outback,Far North,https://ops.hpw.qld.gov.au/Project/Details?id=10183
Education,,Building Construction and Maintenance,Building Contractors,"Rochedale State High School, 249 Priestdale Road, Rochedale, 4123, School Hall Program - New indoor sports facility",Jul - Sep 21,TBA," $13,200,000 ", $10M - $50M ,Funded,South East Queensland,Brisbane,https://ops.hpw.qld.gov.au/Project/Details?id=10188
Education,,Building Construction and Maintenance,Building Contractors,"Rochedale, Rochedale State School, New Learning Centre",Jan - Mar 22,TBA," $13,984,000 ", $10M - $50M ,Funded,South East Queensland,Brisbane,https://ops.hpw.qld.gov.au/Project/Details?id=10003
Health,,Building Construction and Maintenance,Building Contractors,"Rockhampton Hospital, 2 Canning St, Rockhampton QLD 4700, Adult Mental Health: Refurbishment / Renovation / Repairs, General Building, Refurbishment of CQHHS MHU",Jul - Sep 21,TBA," $6,852,082 ", $5M - $10M ,Funded,Central Queensland,Fitzroy,https://ops.hpw.qld.gov.au/Project/Details?id=10163-23922
"Tourism, Innovation and Sport",,Building Construction and Maintenance,Building Contractors,"Rockhampton, Browne Park Football Stadium, Browne Park Grandstand",Jul - Sep 21,TBA," $27,500,000 ", $10M - $50M ,Funded,Central Queensland,Fitzroy,https://ops.hpw.qld.gov.au/Project/Details?id=10239
Education,,Building Construction and Maintenance,Building Contractors,"Rockhampton, Rockhampton North Special School, New Learning Centre",Jan - Mar 22,TBA," $14,628,000 ", $10M - $50M ,Funded,Central Queensland,Fitzroy,https://ops.hpw.qld.gov.au/Project/Details?id=10004
Education,,Building Construction and Maintenance,Building Contractors,"Roma State College, Cottell Street, Roma, 4455, Future Skills Pathways",Jul - Sep 21,TBA," $165,000 ", Less than $1M ,Funded,Darling Downs - Maranoa,South West,https://ops.hpw.qld.gov.au/Project/Details?id=10174
Education,,Building Construction and Maintenance,Building Contractors,"Rosewood, Rosewood State High School, New Learning Centre",Jan - Mar 22,TBA," $6,440,000 ", $5M - $10M ,Funded,South East Queensland,Brisbane,https://ops.hpw.qld.gov.au/Project/Details?id=10006
Education,,Building Construction and Maintenance,Building Contractors,"Sandgate District State High School, 41 Braun Street, Deagon, 4017, School Hall Program",Oct - Dec 21,TBA," $5,500,000 ", $5M - $10M ,Funded,South East Queensland,Brisbane,https://ops.hpw.qld.gov.au/Project/Details?id=10189
Education,,Building Construction and Maintenance,Building Contractors,"Sarina State High School, 14-30 Anzac Street, Sarina Qld 4737, Block C - Junior & Senior Kitchen Upgrades: Refurbishment / Renovation / Repairs, General Building",Jul - Sep 21,Open," $3,608,000 ", $1M - $5M ,Funded,Mackay - Isaac - Whitsunday,Mackay,https://ops.hpw.qld.gov.au/Project/Details?id=10229-24033
Health,,Building Construction and Maintenance,Building Contractors,"Sarina, 47 Brewers Road, Sarina, Sarina Hospital Redevelopment: New Construction Work / Addition, General Building, Redevelopment of Hospital",Jul - Sep 21,Select," $31,500,000 ", $10M - $50M ,Funded,Mackay - Isaac - Whitsunday,Mackay,https://ops.hpw.qld.gov.au/Project/Details?id=9385-23983
Education,,Building Construction and Maintenance,Building Contractors,"Seven Hills State School, 152 D'Arcy Road, Seven Hills, 4170, School Hall Program",Oct - Dec 21,TBA," $8,800,000 ", $5M - $10M ,Funded,South East Queensland,Brisbane,https://ops.hpw.qld.gov.au/Project/Details?id=10200
"Employment, Small Business and Training",,Building Construction and Maintenance,Building Contractors,"Southbank, Southbank TAFE, Cyber Security",Jul - Sep 21,TBA," $394,921 ", Less than $1M ,Funded,South East Queensland,Brisbane,https://ops.hpw.qld.gov.au/Project/Details?id=10221
"Employment, Small Business and Training",,Building Construction and Maintenance,Building Contractors,"Southbank, Southbank TAFE, Robotics",Jul - Sep 21,TBA," $350,000 ", Less than $1M ,Funded,South East Queensland,Brisbane,https://ops.hpw.qld.gov.au/Project/Details?id=10222
Education,,Building Construction and Maintenance,Building Contractors,"St George State High School, 2 Victoria Street, St George, 4487, Future Skills Pathways",Apr - Jun 22,TBA," $3,300,000 ", $1M - $5M ,Funded,Darling Downs - Maranoa,South West,https://ops.hpw.qld.gov.au/Project/Details?id=10175
Education,,Building Construction and Maintenance,Building Contractors,"St George State High School, 2 Victoria Street, St George, 4487, School Halls Program-Enclose existing covered area",Apr - Jun 22,TBA," $5,175,000 ", $5M - $10M ,Funded,Darling Downs - Maranoa,South West,https://ops.hpw.qld.gov.au/Project/Details?id=10141
Education,,Building Construction and Maintenance,Building Contractors,"Sunnybank State High School, Boorman Street, Sunnybank, 4109, Future Skills Pathways",Apr - Jun 22,TBA," $3,300,000 ", $1M - $5M ,Funded,South East Queensland,Brisbane,https://ops.hpw.qld.gov.au/Project/Details?id=10177
Education,,Building Construction and Maintenance,Building Contractors,"Sunnybank, Sunnybank Special School, New Learning Centre: New Construction Work / Addition, General Building",Jul - Sep 21,Select," $7,544,000 ", $5M - $10M ,Funded,South East Queensland,Brisbane,https://ops.hpw.qld.gov.au/Project/Details?id=10008-24023
Education,,Building Construction and Maintenance,Building Contractors,"Tara Shire State College, 22 Binnie Street, Tara, 4421, Future Skills Pathways",Apr - Jun 22,TBA," $2,200,000 ", $1M - $5M ,Funded,Darling Downs - Maranoa,Darling Downs,https://ops.hpw.qld.gov.au/Project/Details?id=10178
Education,,Building Construction and Maintenance,Building Contractors,"The Hall State School, Murray Street, Wandal, 4700, School Hall Program - Enclose existing court/hall",Apr - Jun 22,TBA," $4,501,000 ", $1M - $5M ,Funded,Central Queensland,Fitzroy,https://ops.hpw.qld.gov.au/Project/Details?id=10142
Education,,Building Construction and Maintenance,Building Contractors,"Thuringowa State High School, 26 - 54 Vickers Road South, Condon, 4815, Future Skills Pathways",Jul - Sep 21,TBA," $7,645,000 ", $5M - $10M ,Funded,Townsville,Northern,https://ops.hpw.qld.gov.au/Project/Details?id=10179
Education,,Building Construction and Maintenance,Building Contractors,"Toogoolawah State High School, 76 Old Mount Beppo Road, Toogoolawah, 4313, School Halls Program",Apr - Jun 22,TBA," $5,175,000 ", $5M - $10M ,Funded,Wide Bay,Wide Bay Burnett,https://ops.hpw.qld.gov.au/Project/Details?id=10143
Education,,Building Construction and Maintenance,Building Contractors,"Toolooa State High School, Philip Street, South Gladstone, 4680, School Hall Program - Hall Extension",Apr - Jun 22,TBA," $3,520,000 ", $1M - $5M ,Funded,Central Queensland,Fitzroy,https://ops.hpw.qld.gov.au/Project/Details?id=10190
"Employment, Small Business and Training",,Building Construction and Maintenance,Building Contractors,"Toowoomba, Toowoomba TAFE, Rural Centre of Excellence Stage 2",Oct - Dec 21,TBA," $1,000,000 ", $1M - $5M ,Funded,Darling Downs - Maranoa,Darling Downs,https://ops.hpw.qld.gov.au/Project/Details?id=10131
Education,,Building Construction and Maintenance,Building Contractors,"Townsville Community Learning Centre, 78 Thompson Street, Mundingburra, 4812, School Hall Program -New multi-purpose hall",Apr - Jun 22,TBA," $6,325,000 ", $5M - $10M ,Funded,Queensland - Outback,Far North,https://ops.hpw.qld.gov.au/Project/Details?id=10191
Education,,Building Construction and Maintenance,Building Contractors,"Urangan Point State School, Miller Street, Urangan, 4655, School Hall Program - New multi-purpose hall",Oct - Dec 21,TBA," $6,325,000 ", $5M - $10M ,Funded,Wide Bay,Wide Bay Burnett,https://ops.hpw.qld.gov.au/Project/Details?id=10208
Education,,Building Construction and Maintenance,Building Contractors,"Urangan State High School, Robert Street, Urangan, 4655, School Hall Program - New multi-purpose hall",Oct - Dec 21,TBA," $11,770,000 ", $10M - $50M ,Funded,Wide Bay,Wide Bay Burnett,https://ops.hpw.qld.gov.au/Project/Details?id=10209
Education,,Building Construction and Maintenance,Building Contractors,"Victoria Point, Victoria Point State High School, New Learning Centre",Jan - Mar 22,TBA," $8,648,000 ", $5M - $10M ,Funded,South East Queensland,Brisbane,https://ops.hpw.qld.gov.au/Project/Details?id=10012
Education,,Building Construction and Maintenance,Building Contractors,"Walloon, Walloon State School, New Learning Centre",Jan - Mar 22,TBA," $4,784,000 ", $1M - $5M ,Funded,South East Queensland,Brisbane,https://ops.hpw.qld.gov.au/Project/Details?id=10013
Education,,Building Construction and Maintenance,Building Contractors,"Warwick State High School, Palmerin Street, Warwick, 4370, School Hall Program - New multi-purpose hall",Oct - Dec 21,TBA," $6,325,000 ", $5M - $10M ,Funded,Darling Downs - Maranoa,Darling Downs,https://ops.hpw.qld.gov.au/Project/Details?id=10210
Education,,Building Construction and Maintenance,Building Contractors,"Waterford West, Waterford West State School, New Learning Centre: New Construction Work / Addition, General Building",Jul - Sep 21,Select," $6,900,000 ", $5M - $10M ,Funded,South East Queensland,Brisbane,https://ops.hpw.qld.gov.au/Project/Details?id=10014-23996
Education,,Building Construction and Maintenance,Building Contractors,"Wilston State School, Primrose Street, Grange, 4051, School Hall Program",Oct - Dec 21,TBA," $8,800,000 ", $5M - $10M ,Funded,South East Queensland,Brisbane,https://ops.hpw.qld.gov.au/Project/Details?id=10211
Education,,Building Construction and Maintenance,Building Contractors,"Wishart State School, Morella Street, Wishart, 4122, Learning Centre",Jul - Sep 21,TBA," $6,200,000 ", $5M - $10M ,Funded,South East Queensland,Brisbane,https://ops.hpw.qld.gov.au/Project/Details?id=10227
Education,,Building Construction and Maintenance,Building Contractors,"Woodcrest State College, 38 Nev Smith Drive, Springfield, 4300, Future Skills Pathways",Oct - Dec 21,TBA," $1,665,000 ", $1M - $5M ,Funded,South East Queensland,Brisbane,https://ops.hpw.qld.gov.au/Project/Details?id=10159
Education,,Building Construction and Maintenance,Building Contractors,"Wooloowin, Wooloowin State School, New Learning Centre",Jan - Mar 22,TBA," $8,924,000 ", $5M - $10M ,Funded,South East Queensland,Brisbane,https://ops.hpw.qld.gov.au/Project/Details?id=10015
Education,,Building Construction and Maintenance,Building Contractors,"Woree State High School, Rigg Street, Woree, 4868, Future Skills Pathways",Jul - Sep 21,TBA," $1,078,000 ", $1M - $5M ,Funded,Queensland - Outback,Far North,https://ops.hpw.qld.gov.au/Project/Details?id=10180
Education,,Building Construction and Maintenance,Building Contractors,"Woree State School, Cnr Rigg & Windarra Streets, Woree, 4868, Future Skills Pathways",Apr - Jun 22,TBA," $1,870,000 ", $1M - $5M ,Funded,Queensland - Outback,Far North,https://ops.hpw.qld.gov.au/Project/Details?id=10182
Agriculture and Fisheries,ITP,Information and Communication Technology,Telecommunications,Contact Centre Telephony Solution,Nov 21-Mar 22,Using Current Arrangements," $400,000 ", Less than $1M ,N/A,South East Queensland,Brisbane,
Agriculture and Fisheries,ITP,Information and Communication Technology,Software,"Various Licensing, Support & Maintenance Subscription Renewals",Jul 21-Jun 22,Specialist Sourcing and Current Arrangements," $6,600,000 ", $5M - $10M ,N/A,South East Queensland,Brisbane,
Agriculture and Fisheries,ITP,Information and Communication Technology,Hardware Software Services,ICT Infrastructure Refresh program 21/22,Progressively from Jul 2021,Specialist Sourcing and Current Arrangements," $4,300,000 ", $1M - $5M ,N/A,South East Queensland,Brisbane,
Agriculture and Fisheries,ITP,Information and Communication Technology,Contingent Labour,ICT Contingent Labour  21/22,Progressively from Jul 2021,"Standing Offer Arrangement, Multiple Suppliers"," $6,200,000 ", $5M - $10M ,N/A,South East Queensland,Brisbane,
"Communities, Housing and Digital Economy ",ICT Strategic Sourcing   WoG,Information and Communication Technology,Software,Microsoft Licensing Solution Provider Partner ,Jan - Mar 22,Open Tender, $-   , N/A ,N/A,Multiple,State-wide,
"Communities, Housing and Digital Economy",ICT Strategic Sourcing   WoG,Information and Communication Technology,Hardware and Telecommunications,Round 2 ITO for ICTSS.1705 refresh/on-boarding,Oct - Dec 21,Closed Tender, $-   , N/A ,N/A,Multiple,State-wide,
"Communities, Housing and Digital Economy",ICT Strategic Sourcing   WoG,Information and Communication Technology,Hardware and Services ,ICTSS.1801 Tranche 2 Networking Hardware and Services,Oct - Dec 21,Closed Tender, $-   , N/A ,N/A,Multiple,State-wide,
"Communities, Housing and Digital Economy",ICT Strategic Sourcing   WoG,Information and Communication Technology,Hardware and Services ,ICTSS.1801 Tranche 3 Networking Hardware and Services,TBA,Closed Tender, $-   , N/A ,N/A,Multiple,State-wide,
Corporate Administration Agency,IMS,Information and Communication Technology,Hardware Software Services,Web Proxy Gateway,Apr - Jun 22,RFI, $-   , N/A ,Funded,South East Queensland,Brisbane,
Corporate Administration Agency,IMS,Information and Communication Technology,Hardware Software Services,Microfocus eDRMS Licencing,Jan - Mar 22,Sole Supplier," $35,000 ", Less than $1M ,Funded,South East Queensland,Brisbane,
Corporate Administration Agency,IMS,Information and Communication Technology,Hardware Software Services,Microsoft Enterprise Licencing,Oct - Dec 21,Using current arrangements ," $180,000 ", Less than $1M ,Funded,South East Queensland,Brisbane,
Corporate Administration Agency,IMS,Information and Communication Technology,Hardware Software Services,CITRIX licencing,Jul - Sep 21,Using current arrangements ," $15,000 ", Less than $1M ,Funded,South East Queensland,Brisbane,
Corporate Administration Agency,IMS,Information and Communication Technology,Hardware Software Services,Service Management Solution,Jan - Mar 22,RFI, $-   , N/A ,Funded,South East Queensland,Brisbane,
Energy and Public Works,QBuild,Information and Communication Technology,Software,Whole of Government SOA to deliver WOG Asset Management Information System (AMIS) ,Jan - Mar 22,Open Tender, $-   , N/A ,,Multiple,State-wide,
Education,State Schools,Information and Communication Technology,Services,ICT Support Services for Schools,Aug-Sept 21,Open Tender, $-   , N/A ,Funded,Multiple,State-wide,
Education,State Schools,Information and Communication Technology,Services,SOA for Online Booking Solutions,Oct - Dec 21,Open Tender, $-   , N/A ,Funded,Multiple,State-wide,
Education,Finance,Information and Communication Technology,Services,Online Ordering Solutions SOA,Jul - Sep 21,Open Tender, $-   , N/A ,Funded,Multiple,State-wide,
Education,State Schools,Information and Communication Technology,Services,Online Newsletters SOA,Jul - Sep 21,Open Tender, $-   , N/A ,Funded,Multiple,State-wide,
Education,State Schools,Information and Communication Technology,Services,SOA for Attendance Management Products,Oct-Nov 21,Open Tender, $-   , N/A ,Funded,Multiple,State-wide,
Education,State Schools,Information and Communication Technology,Services,Online Diary Management Solutions SOA,Oct - Dec 21,Open Tender, $-   , N/A ,Funded,Multiple,State-wide,
Education,I&TB,Information and Communication Technology,Services,eBooks Digital Library Services SOA,Oct - Dec 21,Open Tender, $-   , N/A ,Funded,Multiple,State-wide,
Education,I&TB,Information and Communication Technology,Services,Warehousing and Logistics Services for ICT Assets,Oct - Dec 21,Open Tender, $-   , N/A ,Funded,Multiple,State-wide,
Education,I&TB,Information and Communication Technology,Services,QParents Document Verification Service,Jul - Sep 21,Open Tender, $-   , N/A ,Funded,Multiple,State-wide,
Education,HR,Information and Communication Technology,Services,Talent Mobility Platform,Oct-Nov 21,Open Tender, $-   , N/A ,TBA,Multiple,State-wide,
Education,I&TB,Information and Communication Technology,Services,Provision of Workforce Management Software ,Aug-Sep 21,Closed Tender, $-   , N/A ,TBA,Multiple,State-wide,
Education,I&TB,Information and Communication Technology,Services,"Design, Build and Implementation of Amazon Connect including Licensing",Aug-Sep 22,Closed Tender, $-   , N/A ,TBA,Multiple,State-wide,
Education,I&TB,Information and Communication Technology,Goods & Services,Provision of IP Telephony Services under ICTSS.1705,Oct - Dec 21,Using current arrangements, $-   , N/A ,TBA,Multiple,State-wide,
Education,I&TB,Information and Communication Technology,Services,Renew SOA for ICT Security and Testing Services,Oct-Nov 21,Open Tender, $-   , N/A ,N/A,Multiple,State-wide,
Health,eHealth,Information and Communication Technology,Business Units  ,Electronic Learning and Development Capability ,Oct - Dec 21,Open Offer/Invitation - Responses sought in accordance with minimum requirements of the Procurement Thresholds and Methods., $-   , N/A ,TBC with the business,Multiple,State-wide,
Health,eHealth,Information and Communication Technology,Software and Services,Software Licence Management Toolset,Oct - Dec 21,Open Offer/Invitation - Responses sought in accordance with minimum requirements of the Procurement Thresholds and Methods., $-   , N/A ,TBC with the business,Multiple,State-wide,
Metro North Hospital and Health Service,Technology Services,Information and Communication Technology,Software Services,Pharmaceutical Automated Dispensing System,Jul - Sep 21,Open Tender," $800,000 ", Less than $1M ,Funded,South East Queensland,Brisbane,
Metro North Hospital and Health Service,Technology Services,Information and Communication Technology,Software Services,Electronic Patient Meal Management Service,Jul - Sep 21,Closed Tender," $1,500,000 ", $1M - $5M ,Funded,South East Queensland,Brisbane,
Metro North Hospital and Health Service,Technology Services,Information and Communication Technology,Software Services,3D Structural Heart Software,Oct - Dec 21,Open Tender," $300,000 ", Less than $1M ,UnFunded,South East Queensland,Brisbane,
Transport and Main Roads,IMD-Engineering & Technology,Information and Communication Technology,Services,TMRICT19187 BIM Common Data Environment,Sept 21-Jan 22,Open Tender," $5,000,000 ", $5M - $10M ,UnFunded,South East Queensland,South East Qld,
Transport and Main Roads,C-HR Branch,Information and Communication Technology,Services,TMRICT20037 For provision of SaaS for WH&S Solution,Jul-Sept 21,Open Tender," $500,000 ", Less than $1M ,UnFunded,South East Queensland,Metropolitan,
Transport and Main Roads,PPI-Customer Experience,Information and Communication Technology,ICT - Software,TMRICT21017 Online Customer Research Solution (Qualtrics  CC1 replacement - expiry 10/5/2022),Oct-Dec 2021,Closed Tender," $999,999 ", Less than $1M ,Funded,South East Queensland,Metropolitan,
Transport and Main Roads,C-Information Technology Branch,Information and Communication Technology,Software,TMRICT20025 Salesforce SOA,Sept 21-Jan 22,Sole Supplier," $1,000,000 ", $1M - $5M ,UnFunded,Multiple,State-wide,
