Agency (Dept or Stat Body),Agency address,Contract description/name,Award contract date,Contract value,Currency,Supplier name,Supplier address,Variation to contract (Yes/No),Specific confidentiality provision used,Procurement method,Form of contract,Number of offers sought,Evaluation criteria and weightings,Deliverables,Contract milestones,Contract performance management,Contract reference number,Contract category group,Parent contract number/SOA,Commence date,Supplier ABN,Finish date
Queensland Rail,"Floor 14. RC1 305 Edward Street, Brisbane, Qld, 4000",TRACK RENEWAL & MAINTENANCE,12/07/2021,48260000.00,AUD,Loram Pty Ltd,60 Castlereagh Street Sydney NSW 2000,NO,NO,OPEN,Stand-alone,Unlimited,"WORK HEALTH & SAFETY (WHS) - 12.5%
ABILITY TO MEET THE PROFILE - 18.75%
GRINDING MACHINE TYPES, MAINLINE & TURNOUTS, AVAILABILITY & FLEXIBILITY - 18.75%
METHODOLOGY & RISK ASSESMENT - 12.5%
MITIGATION MEASURES FOR NEW PROJECTS - 6.25%
TRACK RECORDING VEHICLE & GRINDING QUALITY - 12.5%
TECHNICAL SPECIFICATION, INTERFACE STANDARDS & ANTICIPATED GQI OUTCOMES - 12.5%
PROPOSED STABLING ARRANGEMENT & LOCATION - 6.25%

Non-Price Criteria Weighted Score - 80%
Price Criteria Weighted Score - 20%",Provide Rail Grinding Services,"The specific Grinding Services to be provided are as follows:
- Main line grinding Services for all regions listed below
- Turnout grinding Services for all regions listed below
The following regions for rail grinding to be conducted is as follows
- South East Queensland (SEQ)
- North Coast Line NCL (North) - Cairns-Rockhampton
- North Coast Line NCL (Near North/South) - Parana - Tamaree
- GNR – Townsville to Mt Isa
- West Moreton System – Toowoomba to Columboola
The scope of services is to control the wheel rail interface so that rail grinding will:
- progressively establish rail profiles that optimise the wheel/rail interface condition to maximise the life of the rail and wheel asset,
- maintain rail profiles to optimise the rail/wheel interface to prevent the development of rail defects and
- remove or control existing rail surface defects and rail head metal flow.
The timeline to plan & deliver rail grinding Services shall be as outlined in the detailed Statement of Works. The stages of Services shall be planned in sufficient advance times to ensure that all of Queensland Rail’s possession planning, operational, freight business, environmental & safety requirements are timely met and also Queensland Rail’s resources are made available to support the rail grinding services delivered by the Contractor.","The performance is measured by the following KPIs:
Grind Quality Index (GQI) or similar
Performance/Efficient Delivery of Agreed Scope
Work Free of Lost Time Injuries (LTIs)
Work free of SPADs (Signal Passed At Danger)
Administration of the Agreement",CW2282208,,,,,
Queensland Rail,"Floor 14. RC1 305 Edward Street, Brisbane, Qld, 4000",TELECOMS/DATA/VOICE,9/07/2021,25500000.00,AUD,Telstra Corporation Limited,Locked Bag 5000 Burwood VIC 3125,NO,NO,OPEN,Stand-alone,Unlimited,"Non-Price Criteria:

Mobility Services
1. Capability & Capacity - 20%
2. Methodology - 15%
3. Value for Money - 10%
4. Technical Conformance - 55%

Fixed Data
1. Capability & Capacity - 20%
2. Methodology - 25%
3. Value for Money - 10%
4. Technical Conformance - 45%

Fixed Voice
1. Capability & Capacity - 15%
2. Methodology - 15%
3. Value for Money - 10%
4. Technical Conformance - 60%

Mobility Non-Price Criteria - 70%
Mobility Price Criteria - 30%

Data Fixed Line Non-Price Criteria - 70%
Data Fixed Line Price Criteria - 30%

Voice Fixed Line Non-Price Criteria - 60%
Voice Fixed Line Price Criteria - 40%","Provision of the following services:
•	Mobility Services - incorporating; smartphones, tablets, integrated messaging, fulfilment, and support.
•	Fixed Voice Services - supply outbound and inbound telephone calls, carrier infrastructure.
•	Fixed Data Services - supply of data connectivity between two or more sites including depots, stations and for train operations",Not applicable,Not applicable,CW2293656,,,,,
Queensland Rail,"Floor 14. RC1 305 Edward Street, Brisbane, Qld, 4000",CIVIL WORKS CONTRACT,12/07/2018,24408002.00,AUD,Georges Loader Hire Pty Ltd,262 Bowhill Road Willawong QLD 4110,YES,NO,OPEN,Member of Panel,Unlimited,"Experience & Capability - 35%
Plant - 30%
Safety & Environment - 35%",Provision of equipment hire,Not applicable,Not applicable,CW2265043,,,,,
Queensland Rail,"Floor 14. RC1 305 Edward Street, Brisbane, Qld, 4000",CIVIL WORKS CONTRACT,12/07/2018,15500000.00,AUD,Hughes Gravel,48 Forest Hill-Fernvale Road Glenore Grove QLD 4342,YES,NO,OPEN,Member of Panel,Unlimited,"Experience & Capability - 35%
Plant - 30%
Safety & Environment - 35%",Provision of equipment hire,Not applicable,Not applicable,CW2265067,,,,,
Queensland Rail,"Floor 14. RC1 305 Edward Street, Brisbane, Qld, 4000",TRACTION,5/07/2021,1077929280.00,JPY,Hitachi Australia Pty Ltd,123 Epping Road North Ryde NSW 2113,NO,NO,CLOSED,Stand-alone,1,"Mandatory Criteria
1. Tenderers will meet the following mandatory requirements: - Pass/Fail 
Insurance
Registered Professional Engineer of Queensland (RPEQ)
Quality Management
Contractor Safety and Environment Prequalification (minimum Category 2) Certification and Accreditation as detailed in the Specification

Non-Price Criteria
2. Team Capability and Experience - Acceptable/ Unacceptable
3. Methodology and Program - Acceptable/ Unacceptable
4. Ethical Supplier Threshold - Acceptable/ Unacceptable

Price Criteria
5. Price is within budget and represents value for money - Acceptable/ Unacceptable","Supply, testing and commissioning of 16 traction power converters for the two Electric Tilt Trains",Not applicable,Not applicable,CW2292828,,,,,
Queensland Rail,"Floor 14. RC1 305 Edward Street, Brisbane, Qld, 4000",IT ACCESSORIES,2/03/2017,9696976.28,AUD,Nomad Digital Pty Ltd,256 Adelaide Terrace Perth WA 6000,YES,NO,OPEN,,,,,,,CW2249065,,,,,
Queensland Rail,"Floor 14. RC1 305 Edward Street, Brisbane, Qld, 4000",CIVIL WORKS CONTRACT,26/07/2018,8962000.00,AUD,Macpherson James Civil Pty Ltd,PO Box 340 Rocklea QLD 4106,YES,NO,OPEN,,,,,,,CW2265109,,,,,
Queensland Rail,"Floor 14. RC1 305 Edward Street, Brisbane, Qld, 4000",CIVIL WORKS CONTRACT,19/12/2017,8500000.00,AUD,Joe Wagner Group Pty Ltd,15 Parker Street Drayton QLD 4350,YES,NO,OPEN,,,,,,,CW2261208,,,,,
Queensland Rail,"Floor 14. RC1 305 Edward Street, Brisbane, Qld, 4000",LABOUR CONTRACTORS,30/04/2018,8452225.00,AUD,All Rail Services Pty Ltd,37 Benjul Drive Beenleigh QLD 4207,YES,NO,OPEN,,,,,,,CW2266300,,,,,
Queensland Rail,"Floor 14. RC1 305 Edward Street, Brisbane, Qld, 4000",ALTERNATE TRANSPORT,2/02/2017,8100000.00,AUD,RJ Willey Transport Pty Ltd,PO Box 406 Deeragun QLD 4818,YES,NO,OPEN,,,,,,,CW2253737,,,,,
Queensland Rail,"Floor 14. RC1 305 Edward Street, Brisbane, Qld, 4000",RAILWAY EQUIPMENT,19/11/2012,7429940.00,AUD,ABB Australia Pty Ltd,1 Lavarack Avenue Eagle Farm QLD 4009,YES,NO,CLOSED,,,,,,,CW2278254,,,,,
Queensland Rail,"Floor 14. RC1 305 Edward Street, Brisbane, Qld, 4000",LABOUR CONTRACTORS,30/04/2018,6500000.00,AUD,Joe Wagner Group Pty Ltd,15 Parker Street Drayton QLD 4350,YES,NO,OPEN,,,,,,,CW2266307,,,,,
Queensland Rail,"Floor 14. RC1 305 Edward Street, Brisbane, Qld, 4000",SERVICE REPAIR COMP,24/10/2017,5500000.00,AUD,Plasser Australia Pty Ltd   St Mary,2 Plasser Cresent St Marys NSW 2760,YES,NO,CLOSED,,,,,,,CW2259709,,,,,
Queensland Rail,"Floor 14. RC1 305 Edward Street, Brisbane, Qld, 4000",CLEANING EQUIP & SUP,20/12/2016,4467717.00,AUD,Flick Pest Control Services,41 Bunya Street Eagle Farm QLD 4009,YES,NO,OPEN,,,,,,,CW2253768,,,,,
Queensland Rail,"Floor 14. RC1 305 Edward Street, Brisbane, Qld, 4000",OTHER INVENTORY & PARTS,24/07/2015,4017289.00,AUD,Downer EDI Rail,PO Box 211 Maryborough QLD 4650,NO,NO,OPEN,,,,,,,CW2292334,,,,,
Queensland Rail,"Floor 14. RC1 305 Edward Street, Brisbane, Qld, 4000",REFRIG & A/C EQUIP,26/07/2018,3913285.63,AUD,Airmaster Australia Pty Ltd,10 Devlan Street Mansfield QLD 4122,YES,NO,OPEN,,,,,,,CW2266496,,,,,
Queensland Rail,"Floor 14. RC1 305 Edward Street, Brisbane, Qld, 4000",IT DESKTOP - SW/HW & SERVICES,12/06/2020,3413393.13,AUD,Dassault Systemes Australia Pty Ltd,"Level 8, 190 St Georges Terrace Perth WA 6000",YES,NO,CLOSED,,,,,,,CW2284076,,,,,
Queensland Rail,"Floor 14. RC1 305 Edward Street, Brisbane, Qld, 4000",OTHER INVENTORY & PARTS,16/03/2020,2860000.00,AUD,Geofabrics Australasia Pty Ltd,PO Box 684 Sumner Park QLD 4074,YES,NO,OPEN,,,,,,,CW2280757,,,,,
Queensland Rail,"Floor 14. RC1 305 Edward Street, Brisbane, Qld, 4000",ELECTRICAL AND POWER SYSTEMS ENGINEERING,13/12/2016,2739200.00,AUD,Norton Project Solutions Pty Ltd,PO Box 843 Indooroopilly QLD 4068,YES,NO,OPEN,,,,,,,CW2251813,,,,,
Queensland Rail,"Floor 14. RC1 305 Edward Street, Brisbane, Qld, 4000",ALTERNATE TRANSPORT,2/02/2017,2600000.00,AUD,Peter Hogan Transport Pty Ltd,1 Cudumble Road Cumnock NSW 2867,YES,NO,OPEN,,,,,,,CW2253769,,,,,
Queensland Rail,"Floor 14. RC1 305 Edward Street, Brisbane, Qld, 4000",FREIGHT & CARTAGE,20/03/2019,2508862.00,AUD,Roma Transport Services,PO Box 253 Roma QLD 4455,YES,NO,OPEN,,,,,,,CW2272747,,,,,
Queensland Rail,"Floor 14. RC1 305 Edward Street, Brisbane, Qld, 4000",LABOUR CONTRACTORS,30/04/2018,2500000.00,AUD,Railtrain Pty Ltd,87 President Street Welshpool WA 6106,YES,NO,OPEN,,,,,,,CW2266431,,,,,
Queensland Rail,"Floor 14. RC1 305 Edward Street, Brisbane, Qld, 4000",LABOUR CONTRACTORS,9/05/2018,2500000.00,AUD,Rhomberg Rail Australia Pty Ltd,PO Box 442 Gracemere QLD 4702,YES,NO,OPEN,,,,,,,CW2266433,,,,,
Queensland Rail,"Floor 14. RC1 305 Edward Street, Brisbane, Qld, 4000",OVERHEAD LINE EQUIP (OHLE),10/06/2020,1989497.00,AUD,Schneider Electric (Australia),78 Waterloo Road MacQuarie Park NSW 2113,YES,NO,CLOSED,,,,,,,CW2283144,,,,,
Queensland Rail,"Floor 14. RC1 305 Edward Street, Brisbane, Qld, 4000", SIGNALLING CONTRACT,28/08/2017,1716377.96,AUD,Stilltec Signalling Services Pty Lt,70-72 Bazeridge Drive Narangba QLD 4504,YES,NO,CLOSED,,,,,,,CW2259522,,,,,
Queensland Rail,"Floor 14. RC1 305 Edward Street, Brisbane, Qld, 4000","DESIGN, ARCHITECTURE & CERTIFICATION",13/02/2020,1679044.07,AUD,Stantec Australia Pty Ltd,"Level 20, 40 City Road SouthBank VIC 3006",YES,NO,OPEN,,,,,,,CW2277918,,,,,
Queensland Rail,"Floor 14. RC1 305 Edward Street, Brisbane, Qld, 4000",CIVIL WORKS CONTRACT,11/07/2018,1250000.00,AUD,Rayner's Crane and Plant Hire,PO Box 397 Longreach QLD 4730,YES,NO,OPEN,,,,,,,CW2265167,,,,,
Queensland Rail,"Floor 14. RC1 305 Edward Street, Brisbane, Qld, 4000",CIVIL WORKS CONTRACT,12/07/2018,1250000.00,AUD,Nykkos Earthworks,PO Box 736 Manunda Cairns QLD 4870,YES,NO,OPEN,,,,,,,CW2265267,,,,,
Queensland Rail,"Floor 14. RC1 305 Edward Street, Brisbane, Qld, 4000",LABOUR CONTRACTORS,27/03/2017,1200000.00,AUD,Virginia Auto Electrical,15 Matheson Street Virginia QLD 4014,YES,NO,CLOSED,,,,,,,CW2252044,,,,,
Queensland Rail,"Floor 14. RC1 305 Edward Street, Brisbane, Qld, 4000",PROFESSIONAL SERVICE,13/08/2018,1180000.00,AUD,AON Risk Services Aust Ltd,GPO Box 65 Brisbane QLD 4001,YES,NO,CLOSED,,,,,,,CW2268374,,,,,
Queensland Rail,"Floor 14. RC1 305 Edward Street, Brisbane, Qld, 4000",SOFTWARE MAINTENANCE,10/11/2016,1074567.00,AUD,Informatica Australia Pty Ltd,255 George Street Sydney NSW 2000,YES,NO,CLOSED,,,,,,,CW2248610,,,,,
Queensland Rail,"Floor 14. RC1 305 Edward Street, Brisbane, Qld, 4000",OTHER DIRECT PROFESSIONAL SERVICES,3/08/2020,995500.00,AUD,iPLAN Consulting Pty Ltd,9 Moore Street Albion QLD 4010,YES,NO,CLOSED,,,,,,,CW2285291,,,,,
Queensland Rail,"Floor 14. RC1 305 Edward Street, Brisbane, Qld, 4000",PROFESSIONAL SERVICE,16/01/2018,995046.00,AUD,Jacobs Group (Australia) Pty Ltd,PO Box 3848 South Brisbane QLD 4101,YES,NO,CLOSED,,,,,,,CW2261823,,,,,
Queensland Rail,"Floor 14. RC1 305 Edward Street, Brisbane, Qld, 4000",RAILWAY EQUIPMENT,27/02/2017,930000.00,AUD,OE Elsafe,29 Links Road Eagle Farm QLD 4009,YES,NO,CLOSED,,,,,,,CW2253626,,,,,
Queensland Rail,"Floor 14. RC1 305 Edward Street, Brisbane, Qld, 4000",OTHER DIRECT PROFESSIONAL SERVICES,27/07/2021,900000.00,AUD,iPLAN Consulting Pty Ltd,9 Moore Street Albion QLD 4010,NO,NO,CLOSED,,,,,,,CW2293620,,,,,
Queensland Rail,"Floor 14. RC1 305 Edward Street, Brisbane, Qld, 4000",IT Desktop - SW/HW & Services,30/06/2021,880000.00,AUD,Accenture Australia Holdings Pty Lt,139 Coronation Drive Milton QLD 4064,NO,NO,OPEN,,,,,,,CW2292448,,,,,
Queensland Rail,"Floor 14. RC1 305 Edward Street, Brisbane, Qld, 4000",IT DESKTOP - SW/HW & SERVICES,30/06/2021,880000.00,AUD,BDO (Qld) Pty Ltd,12 Creek Street Brisbane QLD 4000,NO,NO,OPEN,,,,,,,CW2292456,,,,,
Queensland Rail,"Floor 14. RC1 305 Edward Street, Brisbane, Qld, 4000",IT DESKTOP - SW/HW & SERVICES,30/06/2021,880000.00,AUD,Deloitte Touche Tohmatsu,123 Eagle Street Brisbane QLD 4000,NO,NO,OPEN,,,,,,,CW2292458,,,,,
Queensland Rail,"Floor 14. RC1 305 Edward Street, Brisbane, Qld, 4000",IT DESKTOP - SW/HW & SERVICES,30/06/2021,880000.00,AUD,DXC Technology Australia Pty Limite,26 Talavara Road Macquarie Park NSW 2113,NO,NO,OPEN,,,,,,,CW2292460,,,,,
Queensland Rail,"Floor 14. RC1 305 Edward Street, Brisbane, Qld, 4000",IT DESKTOP - SW/HW & SERVICES,30/06/2021,880000.00,AUD,Ernst & Young,1 Eagle Street Brisbane QLD 4000,NO,NO,OPEN,,,,,,,CW2292462,,,,,
Queensland Rail,"Floor 14. RC1 305 Edward Street, Brisbane, Qld, 4000",IT DESKTOP - SW/HW & SERVICES,30/06/2021,880000.00,AUD,NTT Australia Digital Pty Ltd,141 Queen Street BRISBANE QLD 4000,NO,NO,OPEN,,,,,,,CW2292464,,,,,
Queensland Rail,"Floor 14. RC1 305 Edward Street, Brisbane, Qld, 4000",IT DESKTOP - SW/HW & SERVICES,30/06/2021,880000.00,AUD,RIot Solutions Pty Ltd,PO Box 10087 Brisbane QLD 4000,NO,NO,OPEN,,,,,,,CW2292470,,,,,
Queensland Rail,"Floor 14. RC1 305 Edward Street, Brisbane, Qld, 4000",IT DESKTOP - SW/HW & SERVICES,30/06/2021,880000.00,AUD,Telstra Corporation Limited,275 George Street Brisbane QLD 4000,NO,NO,OPEN,,,,,,,CW2292472,,,,,
Queensland Rail,"Floor 14. RC1 305 Edward Street, Brisbane, Qld, 4000",IT DESKTOP - SW/HW & SERVICES,30/06/2021,880000.00,AUD,ThoughtWorks Australia Pty Ltd,"Level 19, 127 Creek Street Bisbane City QLD 4000",NO,NO,OPEN,,,,,,,CW2292474,,,,,
Queensland Rail,"Floor 14. RC1 305 Edward Street, Brisbane, Qld, 4000",ETCS ,14/10/2019,860000.00,AUD,Interface Rail Engineering Pty Ltd,470 Collins Street Melbourne VIC 3000,YES,NO,CLOSED,,,,,,,CW2277587,,,,,
Queensland Rail,"Floor 14. RC1 305 Edward Street, Brisbane, Qld, 4000",PROFESSIONAL SERVICE,2/07/2021,770226.11,AUD,Progress Rail Services,24 Daisy Street Revesby NSW 2212,NO,NO,CLOSED,,,,,,,4502442097,,,,,
Queensland Rail,"Floor 14. RC1 305 Edward Street, Brisbane, Qld, 4000",CONSULTING SERVICES,29/01/2020,757385.00,AUD,Covaris Pty Limited,1-5 Jacobs Street Bankstown NSW 220,YES,NO,CLOSED,,,,,,,CW2278458,,,,,
Queensland Rail,"Floor 14. RC1 305 Edward Street, Brisbane, Qld, 4000",ELECTRICAL CABLES AND CONDUCTORS,4/07/2021,750000.00,AUD,NKT Pty Ltd,PO Box 3132 Hendra QLD 4011,NO,NO,OPEN,,,,,,,CW2291232,,,,,
Queensland Rail,"Floor 14. RC1 305 Edward Street, Brisbane, Qld, 4000",SOFTWARE MAINTENANCE,2/02/2018,641970.00,AUD,Onset Design Pty Ltd,203-205 Blackburn Road Mount Waverley VIC 3149,YES,NO,OPEN,,,,,,,CW2263897,,,,,
Queensland Rail,"Floor 14. RC1 305 Edward Street, Brisbane, Qld, 4000",OTHER DIRECT PROFESSIONAL SERVICES,6/11/2020,526080.00,AUD,Bluefield AMS Pty Ltd,PO Box 10871 Brisbane QLD 4000,YES,NO,OPEN,,,,,,,CW2287005,,,,,
Queensland Rail,"Floor 14. RC1 305 Edward Street, Brisbane, Qld, 4000","RAIL PLANT AND EQUIPMENT (HIRE, MAINTENANCE AND PURCHASE)",14/06/2021,501272.00,AUD,Sam Technology Engineers Pty Ltd,PO Box 6947 Smithfield NSW 2164,NO,NO,OPEN,,,,,,,CW2283948,,,,,
Queensland Rail,"Floor 14. RC1 305 Edward Street, Brisbane, Qld, 4000",CONSTR BLDING MATLS,12/07/2021,486200.00,AUD,Karreman Quarries,632 West Mt Cotton Road Mt Cotton QLD 4165,NO,NO,,,,,,,,4502443314,,,,,
Queensland Rail,"Floor 14. RC1 305 Edward Street, Brisbane, Qld, 4000",TRAVEL,5/07/2021,462000.00,AUD,Black & White Cabs,PO Box 1097 Brisbane Airport QLD 4007,NO,NO,,,,,,,,4502442253,,,,,
Queensland Rail,"Floor 14. RC1 305 Edward Street, Brisbane, Qld, 4000",OTHER DIRECT PROFESSIONAL SERVICES,2/11/2020,432000.00,AUD,Data #3 Ltd,PO Box 7879 Waterfront Place QLD 4001,YES,NO,,,,,,,,CW2287225,,,,,
Queensland Rail,"Floor 14. RC1 305 Edward Street, Brisbane, Qld, 4000",OTHER DIRECT PROFESSIONAL SERVICES,8/07/2021,430144.00,AUD,Interface Rail Engineering Pty Ltd,470 Collins Street Melbourne VIC 3000,NO,NO,,,,,,,,CW2294125,,,,,
Queensland Rail,"Floor 14. RC1 305 Edward Street, Brisbane, Qld, 4000","DESIGN, ARCHITECTURE & CERTIFICATION",6/07/2021,378000.00,AUD,KPMG,PO Box 2291U Melbourne VIC 3000,NO,NO,,,,,,,,CW2292752,,,,,
Queensland Rail,"Floor 14. RC1 305 Edward Street, Brisbane, Qld, 4000",TRAINING & DEVELOPMENT,25/06/2020,373350.00,AUD,QUT Accounts Receivable,88 Musk Avenue  Level 2 Kelvin Grove QLD 4059,YES,NO,,,,,,,,CW2281902,,,,,
Queensland Rail,"Floor 14. RC1 305 Edward Street, Brisbane, Qld, 4000",IT Desktop - SW/HW & Services,26/07/2021,365535.00,AUD,ESRI Australia,111 Elizabeth Street Brisbane QLD 4000,NO,NO,,,,,,,,CW2293969,,,,,
Queensland Rail,"Floor 14. RC1 305 Edward Street, Brisbane, Qld, 4000",TRAINING SERVICES,15/01/2019,300000.00,AUD,Height Dynamics Pty Ltd,PO Box 527 Albion QLD 4010,YES,NO,,,,,,,,CW2270122,,,,,
Queensland Rail,"Floor 14. RC1 305 Edward Street, Brisbane, Qld, 4000",CONSULTING SERVICES,26/03/2021,288000.00,AUD,Harp Engineering Consultants,174 Monash Road Tarragindi QLD 4121,YES,NO,,,,,,,,CW2291547,,,,,
Queensland Rail,"Floor 14. RC1 305 Edward Street, Brisbane, Qld, 4000",IT DESKTOP - SW/HW & SERVICES,29/09/2020,272481.00,AUD,SAI Global Australia Pty Ltd,680 Level 37 George Street Sydney NSW 2000,YES,NO,,,,,,,,CW2287064,,,,,
Queensland Rail,"Floor 14. RC1 305 Edward Street, Brisbane, Qld, 4000",OTHER DIRECT PROFESSIONAL SERVICES,20/04/2021,262080.00,AUD,Red Fox Advisory,PO Box 1240 Brisbane QLD 4000,YES,NO,,,,,,,,CW2291925,,,,,
Queensland Rail,"Floor 14. RC1 305 Edward Street, Brisbane, Qld, 4000",CLEANING & GARDEN MAINTENANCE,8/06/2021,246000.00,AUD,Green Property Solutions Pty Ltd,17-19 Soderberg Close Redlynch QLD 4870,NO,NO,,,,,,,,CW2292398,,,,,
Queensland Rail,"Floor 14. RC1 305 Edward Street, Brisbane, Qld, 4000",TRAINING SERVICES,16/01/2019,225000.00,AUD,Easy Authoring,50 Bridge Street Sydney NSW 2000,YES,NO,,,,,,,,CW2270143,,,,,
Queensland Rail,"Floor 14. RC1 305 Edward Street, Brisbane, Qld, 4000",OTHER DIRECT PROFESSIONAL SERVICES,4/06/2021,216000.00,AUD,ENSCO Rail Australia Pty Ltd,3110 Fairview Park Drive Falls Church VA 22042,NO,NO,,,,,,,,CW2294494,,,,,
Queensland Rail,"Floor 14. RC1 305 Edward Street, Brisbane, Qld, 4000",PROFESSIONAL SERVICE,23/07/2021,201168.00,AUD,Rail Control Systems Australia Pty,136 Exhibition Street Melbourne VIC 3000,NO,NO,,,,,,,,4502447027,,,,,
Queensland Rail,"Floor 14. RC1 305 Edward Street, Brisbane, Qld, 4000",OTHER DIRECT PROFESSIONAL SERVICES,13/07/2021,199351.00,AUD,KPMG,PO Box 2291U Melbourne VIC 3000,NO,NO,,,,,,,,CW2291512,,,,,
Queensland Rail,"Floor 14. RC1 305 Edward Street, Brisbane, Qld, 4000",HARDWARE CONSUMABLES,14/07/2021,188484.24,AUD,Metalcorp Steel,20 Fairbairn Place Eagle Farm QLD 4009,NO,NO,,,,,,,,4502443702,,,,,
Queensland Rail,"Floor 14. RC1 305 Edward Street, Brisbane, Qld, 4000",Facilities Hard Services,1/07/2021,179287.29,AUD,Bartlem Construction Services Pty L,1025 Ridgelands Road Alton Downs QLD 4702,NO,NO,,,,,,,,CW2293400,,,,,
Queensland Rail,"Floor 14. RC1 305 Edward Street, Brisbane, Qld, 4000",RAILWAY EQUIPMENT,7/07/2021,170280.00,AUD,JSG Industrial,PO Box 333 Milperra NSW 2214,NO,NO,,,,,,,,4502442578,,,,,
Queensland Rail,"Floor 14. RC1 305 Edward Street, Brisbane, Qld, 4000",OTHER DIRECT PROFESSIONAL SERVICES,15/07/2021,170000.00,AUD,Tazia Gaisford,24 D'Aguilar Road The Gap QLD 4061,NO,NO,,,,,,,,CW2292294,,,,,
Queensland Rail,"Floor 14. RC1 305 Edward Street, Brisbane, Qld, 4000",PROPERTY,15/07/2021,165000.00,AUD,Economic Development Queensland,1 William Street Brisbane QLD 4000,NO,NO,,,,,,,,4502444031,,,,,
Queensland Rail,"Floor 14. RC1 305 Edward Street, Brisbane, Qld, 4000",TRACTORS,29/07/2021,160959.74,AUD,ABB Australia Pty Ltd,1 Lavarack Avenue Eagle Farm QLD 4009,NO,NO,,,,,,,,4502450563,,,,,
Queensland Rail,"Floor 14. RC1 305 Edward Street, Brisbane, Qld, 4000",FEASIBILITY & APPRAISAL,18/05/2021,156460.00,AUD,Infosys Portland,68 Pitt Street Sydney NSW 2000,YES,NO,,,,,,,,CW2292543,,,,,
Queensland Rail,"Floor 14. RC1 305 Edward Street, Brisbane, Qld, 4000",FIRE SAF & ENV EQUIP,5/07/2021,145472.80,AUD,J Blackwood & Son Ltd,PO Box 277 Maryborough QLD 4650,NO,NO,,,,,,,,4502442151,,,,,
Queensland Rail,"Floor 14. RC1 305 Edward Street, Brisbane, Qld, 4000",OTHER DIRECT PROFESSIONAL SERVICES,20/07/2021,141120.00,AUD,illion Australia Pty Ltd,PO Box 7405 Melbourne VIC 3004,NO,NO,,,,,,,,CW2294605,,,,,
Queensland Rail,"Floor 14. RC1 305 Edward Street, Brisbane, Qld, 4000",COMMUN EQUIPMENT,12/07/2021,138020.59,AUD,Axicom Pty Ltd,110 Pacific Highway St Leonards NSW 2065,NO,NO,,,,,,,,4502443215,,,,,
Queensland Rail,"Floor 14. RC1 305 Edward Street, Brisbane, Qld, 4000",ELECTRICITY T POWER,12/07/2021,133926.09,AUD,Axicom Pty Ltd,110 Pacific Highway St Leonards NSW 2065,NO,NO,,,,,,,,4502443261,,,,,
Queensland Rail,"Floor 14. RC1 305 Edward Street, Brisbane, Qld, 4000",TRAVEL,5/07/2021,132000.00,AUD,Yellow Cabs Australia Pty Ltd,PO Box 1099 Coorparoo DC QLD 4102,NO,NO,,,,,,,,4502442254,,,,,
Queensland Rail,"Floor 14. RC1 305 Edward Street, Brisbane, Qld, 4000",CIVIL WORKS CONTRACT,6/07/2021,130524.90,AUD,Equipped Civil & Earthmoving,68-104 Althaus Road Westbrook QLD 4350,NO,NO,,,,,,,,4502442348,,,,,
Queensland Rail,"Floor 14. RC1 305 Edward Street, Brisbane, Qld, 4000",ELECTRICITY T POWER,12/07/2021,130162.23,AUD,Axicom Pty Ltd,110 Pacific Highway St Leonards NSW 2065,NO,NO,,,,,,,,4502443234,,,,,
Queensland Rail,"Floor 14. RC1 305 Edward Street, Brisbane, Qld, 4000",RAILWAY EQUIPMENT,7/07/2021,125942.30,AUD,RPC Technologies Pty Limited,24 Powers Road Seven Hills NSW 2147,NO,NO,,,,,,,,4502442601,,,,,
Queensland Rail,"Floor 14. RC1 305 Edward Street, Brisbane, Qld, 4000",BULK FUEL,20/07/2021,123200.00,AUD,Ampol Australia Pty Ltd,PO Box 794 Lytton QLD 4178,NO,NO,,,,,,,,4502445786,,,,,
Queensland Rail,"Floor 14. RC1 305 Edward Street, Brisbane, Qld, 4000",CONSTR BLDING MATLS,21/07/2021,114289.03,AUD,Humes,59 Sugarmill Road Pinkenba QLD 4008,NO,NO,,,,,,,,4502446300,,,,,
Queensland Rail,"Floor 14. RC1 305 Edward Street, Brisbane, Qld, 4000",OTHER DIRECT PROFESSIONAL SERVICES,21/08/2020,109360.00,AUD,Dynata,131 York Street Sydney NSW 2000,YES,NO,,,,,,,,CW2285628,,,,,
Queensland Rail,"Floor 14. RC1 305 Edward Street, Brisbane, Qld, 4000",OTHER DIRECT PROFESSIONAL SERVICES,30/06/2020,91500.00,AUD,Vieple Pty Ltd,25 Claremont Street South Yarra VIC 3141,YES,NO,,,,,,,,CW2284826,,,,,
Queensland Rail,"Floor 14. RC1 305 Edward Street, Brisbane, Qld, 4000",VEGETATION MNGMENT,27/07/2021,89452.96,AUD,Tree Acq Pty Ltd,Po Box 165 Doonside NSW 2767,NO,NO,,,,,,,,4502447477,,,,,
Queensland Rail,"Floor 14. RC1 305 Edward Street, Brisbane, Qld, 4000",PROFESSIONAL SERVICE,19/07/2021,88000.00,AUD,Rail Industry Safety & Standards,Terminal Complex Canberra Airport ACT 2604,NO,NO,,,,,,,,4502444275,,,,,
Queensland Rail,"Floor 14. RC1 305 Edward Street, Brisbane, Qld, 4000",RAILWAY EQUIPMENT,26/07/2021,85689.56,AUD,SKF Australia Pty Ltd,12 Navigator Place Hendra QLD 4011,NO,NO,,,,,,,,4502447201,,,,,
Queensland Rail,"Floor 14. RC1 305 Edward Street, Brisbane, Qld, 4000",TRAVEL,5/07/2021,72655.00,AUD,Suncoast Cabs Pty Ltd,PO Box 9218 Marcoola QLD 4564,NO,NO,,,,,,,,4502442251,,,,,
Queensland Rail,"Floor 14. RC1 305 Edward Street, Brisbane, Qld, 4000",PROFESSIONAL SERVICE,30/07/2021,68200.00,AUD,Maurice Blackburn Pty Ltd,"Level 10, 456 Lonsdale Street Melbourne VIC 3000",NO,NO,,,,,,,,4502450891,,,,,
Queensland Rail,"Floor 14. RC1 305 Edward Street, Brisbane, Qld, 4000",PROFESSIONAL SERVICE,30/07/2021,68200.00,AUD,Maurice Blackburn Pty Ltd,"Level 10, 456 Lonsdale Street Melbourne VIC 3000",NO,NO,,,,,,,,4502450893,,,,,
Queensland Rail,"Floor 14. RC1 305 Edward Street, Brisbane, Qld, 4000",TRAVEL,5/07/2021,66000.00,AUD,Gympie Golden City Cabs Pty Ltd,PO Box 551 Gympie QLD 4570,NO,NO,,,,,,,,4502442252,,,,,
Queensland Rail,"Floor 14. RC1 305 Edward Street, Brisbane, Qld, 4000",SUBSCRIPTIONS,7/07/2021,66000.00,AUD,Tracksafe Foundation Ltd,PO Box 4608 Kingston ACT 2604,NO,NO,,,,,,,,4502442723,,,,,
Queensland Rail,"Floor 14. RC1 305 Edward Street, Brisbane, Qld, 4000",OTHER DIRECT PROFESSIONAL SERVICES,5/07/2021,60000.00,AUD,HW Holdsworth,PO Box 175 Ashburton VIC 3147,NO,NO,,,,,,,,CW2293723,,,,,
Queensland Rail,"Floor 14. RC1 305 Edward Street, Brisbane, Qld, 4000",PROFESSIONAL SERVICE,28/07/2021,56842.50,AUD,Sascan Advisory Pty Ltd,PO Box 421 East Maitland NSW 2323,NO,NO,,,,,,,,4502450455,,,,,
Queensland Rail,"Floor 14. RC1 305 Edward Street, Brisbane, Qld, 4000",RAILWAY EQUIPMENT,6/07/2021,48045.25,AUD,CQ Crane Hire,97 Kent Street Rockhampton QLD 4700,NO,NO,,,,,,,,4502442556,,,,,
Queensland Rail,"Floor 14. RC1 305 Edward Street, Brisbane, Qld, 4000",RAILWAY EQUIPMENT,1/07/2021,47741.10,AUD,ABB Australia Pty Ltd,1 Lavarack Avenue Eagle Farm QLD 4009,NO,NO,,,,,,,,4502441828,,,,,
Queensland Rail,"Floor 14. RC1 305 Edward Street, Brisbane, Qld, 4000","ORES, MINERALS",9/07/2021,47553.35,AUD,Karreman Quarries,632 West Mt Cotton Road Mt Cotton QLD 4165,NO,NO,,,,,,,,4502443029,,,,,
Queensland Rail,"Floor 14. RC1 305 Edward Street, Brisbane, Qld, 4000",Other Direct Professional Services,19/05/2021,45094.00,AUD,Environmental Earth Sciences Qld,PO Box 3207 Newstead QLD 4006,NO,NO,,,,,,,,CW2294707,,,,,
Queensland Rail,"Floor 14. RC1 305 Edward Street, Brisbane, Qld, 4000",ELECTRICAL COMPNENTS,28/07/2021,44946.39,AUD,DLPC Pty Ltd,PO Box 251 Capalaba QLD 4157,NO,NO,,,,,,,,4502450454,,,,,
Queensland Rail,"Floor 14. RC1 305 Edward Street, Brisbane, Qld, 4000",SERV PLANT & EQUIP,12/07/2021,44000.00,AUD,Wurth Australia Ltd,2/1 Healy Road Dandenong South VIC 3175,NO,NO,,,,,,,,4502443158,,,,,
Queensland Rail,"Floor 14. RC1 305 Edward Street, Brisbane, Qld, 4000",SERV PLANT & EQUIP,12/07/2021,43725.00,AUD,Nivek Industries Pty Ltd,15 Mathry Close Singleton NSW 2330,NO,NO,,,,,,,,4502443147,,,,,
Queensland Rail,"Floor 14. RC1 305 Edward Street, Brisbane, Qld, 4000",PIPE TUBE HOSE & FIT,29/07/2021,41025.60,AUD,FRC Pipes,46 Randle Road Meeandah QLD 4008,NO,NO,,,,,,,,4502450689,,,,,
Queensland Rail,"Floor 14. RC1 305 Edward Street, Brisbane, Qld, 4000",CONSTR BLDING MATLS,7/07/2021,39435.00,AUD,VSL Australia Pty Ltd,6 Pioneer Avenue Thornleigh NSW 2120,NO,NO,,,,,,,,4502442726,,,,,
Queensland Rail,"Floor 14. RC1 305 Edward Street, Brisbane, Qld, 4000",PROFESSIONAL SERVICE,9/07/2021,38555.00,AUD,Ergonomie Australia Pty Ltd,48 St Thomas Street Bronte NSW 2024,NO,NO,,,,,,,,4502443040,,,,,
Queensland Rail,"Floor 14. RC1 305 Edward Street, Brisbane, Qld, 4000",SOFTWARE MAINTENANCE,1/07/2021,37884.00,AUD,Voestalpine SIGNALING Siershahn Gmb,160 Hartley Road Smeaton Grange NSW 2567,NO,NO,,,,,,,,4502441642,,,,,
Queensland Rail,"Floor 14. RC1 305 Edward Street, Brisbane, Qld, 4000",COMMUN EQUIPMENT,5/07/2021,33000.00,AUD,Ergon Energy Telecommunications Pty,825 Ann Street Fortitude Valley QLD 4006,NO,NO,,,,,,,,4502442245,,,,,
Queensland Rail,"Floor 14. RC1 305 Edward Street, Brisbane, Qld, 4000",PROFESSIONAL SERVICE,8/07/2021,33000.00,AUD,Pitcher Partners,GPO Box 1144 Brisbane QLD 4001,NO,NO,,,,,,,,4502442951,,,,,
Queensland Rail,"Floor 14. RC1 305 Edward Street, Brisbane, Qld, 4000",OPSTRVTRAIN KSR,20/01/2021,32960.15,AUD,Hanby Welding & Engineering Pty Ltd,PO Box 401 Portsmith QLD 4870,YES,NO,,,,,,,,4502391103,,,,,
Queensland Rail,"Floor 14. RC1 305 Edward Street, Brisbane, Qld, 4000",TRACTORS,29/07/2021,32422.19,AUD,ABB Australia Pty Ltd,1 Lavarack Avenue Eagle Farm QLD 4009,NO,NO,,,,,,,,4502450586,,,,,
Queensland Rail,"Floor 14. RC1 305 Edward Street, Brisbane, Qld, 4000",LABOUR CONTRACTORS,20/07/2021,31489.37,AUD,All Rail Services Pty Ltd,37 Benjul Drive Beenleigh QLD 4207,NO,NO,,,,,,,,4502444529,,,,,
Queensland Rail,"Floor 14. RC1 305 Edward Street, Brisbane, Qld, 4000",PROFESSIONAL SERVICE,5/07/2021,30855.00,AUD,Mode,PO Box 348 Fortitude Valley QLD 4006,NO,NO,,,,,,,,4502442268,,,,,
Queensland Rail,"Floor 14. RC1 305 Edward Street, Brisbane, Qld, 4000",HIRE-LEASE PLANT&EQP,22/01/2021,29588.91,AUD,Ground Support Systems (Australia),200 Adelaide Terrace East Perth WA 6004,YES,NO,,,,,,,,4502392009,,,,,
Queensland Rail,"Floor 14. RC1 305 Edward Street, Brisbane, Qld, 4000",FUELS LUBES AND OILS,19/07/2021,28576.00,AUD,Imtram Pty Ltd,PO Box 4460 Ringwood VIC 3134,NO,NO,,,,,,,,4502444330,,,,,
Queensland Rail,"Floor 14. RC1 305 Edward Street, Brisbane, Qld, 4000",RAILWAY EQUIPMENT,1/07/2021,28462.50,AUD,Powerbox Australia Pty Ltd,PO Box 128 Mount Kuring-Gai NSW 2080,NO,NO,,,,,,,,4502441813,,,,,
Queensland Rail,"Floor 14. RC1 305 Edward Street, Brisbane, Qld, 4000",CONSTR BLDING MATLS,5/07/2021,27745.07,AUD,Allens Asphalt Pty Ltd,34/40 Potassium Street Narangba QLD 4504,NO,NO,,,,,,,,4502442165,,,,,
Queensland Rail,"Floor 14. RC1 305 Edward Street, Brisbane, Qld, 4000",HIRE-LEASE PLANT&EQP,1/07/2021,27335.00,AUD,JWA Oilfield Supplies Pty Ltd,PO BOX 5015 Canning Vale South WA 6155,NO,NO,,,,,,,,4502441681,,,,,
Queensland Rail,"Floor 14. RC1 305 Edward Street, Brisbane, Qld, 4000",HIRE-LEASE PLANT&EQP,5/07/2021,26400.00,AUD,Flexihire Pty Ltd,PO Box 29 Brisbane Markets QLD 4106,NO,NO,,,,,,,,4502442264,,,,,
Queensland Rail,"Floor 14. RC1 305 Edward Street, Brisbane, Qld, 4000",RAILWAY EQUIPMENT,28/07/2021,26400.00,AUD,Westray Engineering,PO Box 2222 Caringbah NSW 2229,NO,NO,,,,,,,,4502450409,,,,,
Queensland Rail,"Floor 14. RC1 305 Edward Street, Brisbane, Qld, 4000",LABOUR CONTRACTORS,16/07/2021,26315.58,AUD,The Traffic Design Company Pty Ltd,PO Box 265 Caboolture QLD 4510,NO,NO,,,,,,,,4502444121,,,,,
Queensland Rail,"Floor 14. RC1 305 Edward Street, Brisbane, Qld, 4000",FUELS LUBES AND OILS,19/07/2021,26235.00,AUD,Airlube Australasia,268 Camboon Road Malaga WA 6090,NO,NO,,,,,,,,4502444353,,,,,
Queensland Rail,"Floor 14. RC1 305 Edward Street, Brisbane, Qld, 4000",RAILWAY EQUIPMENT,8/07/2021,26180.00,AUD,Cooper Fluid Systems Pty Ltd,152 Cobalt Street Carole Park QLD 4300,NO,NO,,,,,,,,4502442964,,,,,
Queensland Rail,"Floor 14. RC1 305 Edward Street, Brisbane, Qld, 4000",RAILWAY EQUIPMENT,15/07/2021,26105.20,AUD,Dexion Hendra,PO Box 3128 Hendra QLD 4011,NO,NO,,,,,,,,4502444002,,,,,
Queensland Rail,"Floor 14. RC1 305 Edward Street, Brisbane, Qld, 4000",PROFESSIONAL SERVICE,12/07/2021,25520.00,AUD,Kellogg Brown & Root Pty Ltd,199 Grey Street South Brisbane QLD 4101,NO,NO,,,,,,,,4502443155,,,,,
Queensland Rail,"Floor 14. RC1 305 Edward Street, Brisbane, Qld, 4000",HIRE-LEASE PLANT&EQP,15/07/2021,24979.90,AUD,Macpherson James Civil Pty Ltd,PO Box 340 Rocklea QLD 4106,NO,NO,,,,,,,,4502444013,,,,,
Queensland Rail,"Floor 14. RC1 305 Edward Street, Brisbane, Qld, 4000",CIVIL WORKS CONTRACT,5/07/2021,24882.00,AUD,Mears Construction,Lot 1 Hynes Street South Johnstone QLD 4859,NO,NO,,,,,,,,4502442192,,,,,
Queensland Rail,"Floor 14. RC1 305 Edward Street, Brisbane, Qld, 4000",PEST CONTROL,2/07/2021,24544.09,AUD,Rapid Spray,PO Box 3119 Mcdougalls Hill NSW 2330,NO,NO,,,,,,,,4502441857,,,,,
Queensland Rail,"Floor 14. RC1 305 Edward Street, Brisbane, Qld, 4000",PIPE TUBE HOSE & FIT,8/07/2021,24330.15,AUD,FRC Pipes,46 Randle Road Meeandah QLD 4008,NO,NO,,,,,,,,4502442949,,,,,
Queensland Rail,"Floor 14. RC1 305 Edward Street, Brisbane, Qld, 4000",COMMUN EQUIPMENT,9/07/2021,24145.00,AUD,Delta Electronics (Australia),39 Herbert Street St Leonards NSW 2065,NO,NO,,,,,,,,4502442992,,,,,
Queensland Rail,"Floor 14. RC1 305 Edward Street, Brisbane, Qld, 4000",COMMUN EQUIPMENT,8/07/2021,24035.00,AUD,Delta Electronics (Australia),39 Herbert Street St Leonards NSW 2065,NO,NO,,,,,,,,4502442915,,,,,
Queensland Rail,"Floor 14. RC1 305 Edward Street, Brisbane, Qld, 4000",ELECTRICAL COMPNENTS,21/07/2021,23565.30,AUD,Knorr-Bremse Australia Pty Ltd,16 Machinery Street Darra QLD 4076,NO,NO,,,,,,,,4502446732,,,,,
Queensland Rail,"Floor 14. RC1 305 Edward Street, Brisbane, Qld, 4000",ELECTRICAL COMPNENTS,21/07/2021,23565.30,AUD,Knorr-Bremse Australia Pty Ltd,16 Machinery Street Darra QLD 4076,NO,NO,,,,,,,,4502446741,,,,,
Queensland Rail,"Floor 14. RC1 305 Edward Street, Brisbane, Qld, 4000",RAILWAY EQUIPMENT,5/07/2021,23462.34,AUD,Voith Turbo Pty Ltd,23-47 Percival Road Smithfield NSW 2164,NO,NO,,,,,,,,4502442133,,,,,
Queensland Rail,"Floor 14. RC1 305 Edward Street, Brisbane, Qld, 4000",PROPERTY,22/07/2021,23452.00,AUD,Base Building & Maintenance Service,991 Stanley Street East East Brisbane QLD 4169,NO,NO,,,,,,,,4502446805,,,,,
Queensland Rail,"Floor 14. RC1 305 Edward Street, Brisbane, Qld, 4000",RAILWAY EQUIPMENT,9/06/2021,23420.03,AUD,Downer EDI Rail,71B Elizabeth Street Wetherill Park NSW 2164,YES,NO,,,,,,,,4502433754,,,,,
Queensland Rail,"Floor 14. RC1 305 Edward Street, Brisbane, Qld, 4000",RAILWAY EQUIPMENT,26/07/2021,22660.00,AUD,Aldridge Railway Signals Pty Ltd,PO Box 33 Flemington Markets NSW 2129,NO,NO,,,,,,,,4502447220,,,,,
Queensland Rail,"Floor 14. RC1 305 Edward Street, Brisbane, Qld, 4000",COMMUN EQUIPMENT,15/07/2021,22072.60,AUD,Valen Power,Po Box 74 Lake Cargelligo NSW 2672,NO,NO,,,,,,,,4502443921,,,,,
Queensland Rail,"Floor 14. RC1 305 Edward Street, Brisbane, Qld, 4000",RAILWAY EQUIPMENT,23/07/2021,22033.00,AUD,Industrial Hydraulics Pty Ltd,121 Granite Street Geebung QLD 4034,NO,NO,,,,,,,,4502447123,,,,,
Queensland Rail,"Floor 14. RC1 305 Edward Street, Brisbane, Qld, 4000",RAILWAY EQUIPMENT,18/05/2021,22000.00,AUD,BMT WBM Pty Ltd,200 Creek Street Spring Hill QLD 4000,YES,NO,,,,,,,,4502425540,,,,,
Queensland Rail,"Floor 14. RC1 305 Edward Street, Brisbane, Qld, 4000",ELECTRICAL COMPNENTS,2/07/2021,21913.16,AUD,UGL Engineering Pty Ltd,49 Borthwick Avenue Murarrie QLD 4172,NO,NO,,,,,,,,4502441928,,,,,
Queensland Rail,"Floor 14. RC1 305 Edward Street, Brisbane, Qld, 4000",HARDWARE CONSUMABLES,6/07/2021,21867.48,AUD,Atom Supply,PO Box 1141 Cloverdale WA 6985,NO,NO,,,,,,,,4502442409,,,,,
Queensland Rail,"Floor 14. RC1 305 Edward Street, Brisbane, Qld, 4000",HARDWARE CONSUMABLES,6/07/2021,21867.48,AUD,Atom Supply,PO Box 1141 Cloverdale WA 6985,NO,NO,,,,,,,,4502442412,,,,,
Queensland Rail,"Floor 14. RC1 305 Edward Street, Brisbane, Qld, 4000",RAILWAY EQUIPMENT,14/07/2021,21540.11,AUD,Faiveley Transport Australia Ltd,175 James Ruse Drive Rosehill NSW 2142,NO,NO,,,,,,,,4502443728,,,,,
Queensland Rail,"Floor 14. RC1 305 Edward Street, Brisbane, Qld, 4000",RAILWAY EQUIPMENT,7/07/2021,21285.00,AUD,Pandrol Australia Pty Ltd,7 Bessemer Street Blacktown NSW 2148,NO,NO,,,,,,,,4502442682,,,,,
Queensland Rail,"Floor 14. RC1 305 Edward Street, Brisbane, Qld, 4000",LABOUR CONTRACTORS,27/07/2021,21229.89,AUD,Rail & Civil Group,81 Sherwood Road Rocklea QLD 4106,NO,NO,,,,,,,,4502447426,,,,,
Queensland Rail,"Floor 14. RC1 305 Edward Street, Brisbane, Qld, 4000",PROFESSIONAL SERVICE,6/07/2021,21173.90,AUD,Construction Sciences Pty Ltd,PO Box 253 Acacia Ridge QLD 4110,NO,NO,,,,,,,,4502442318,,,,,
Queensland Rail,"Floor 14. RC1 305 Edward Street, Brisbane, Qld, 4000",RAILWAY EQUIPMENT,21/07/2021,21081.50,AUD,Green Leaf Services,Po Box 62 Narangba QLD 4504,NO,NO,,,,,,,,4502446673,,,,,
Queensland Rail,"Floor 14. RC1 305 Edward Street, Brisbane, Qld, 4000",FUELS LUBES AND OILS,29/07/2021,20988.00,AUD,Airlube Australasia,268 Camboon Road Malaga WA 6090,NO,NO,,,,,,,,4502450543,,,,,
Queensland Rail,"Floor 14. RC1 305 Edward Street, Brisbane, Qld, 4000",HARDWARE CONSUMABLES,26/07/2021,20394.00,AUD,J Blackwood & Son Ltd,PO Box 277 Maryborough QLD 4650,NO,NO,,,,,,,,4502447330,,,,,
Queensland Rail,"Floor 14. RC1 305 Edward Street, Brisbane, Qld, 4000",HIRE-LEASE PLANT&EQP,22/07/2021,20350.00,AUD,MacTrans Heavy Haulage Pty Ltd,144 Coulson Street Wacol QLD 4076,NO,NO,,,,,,,,4502446833,,,,,
Queensland Rail,"Floor 14. RC1 305 Edward Street, Brisbane, Qld, 4000",RAILWAY EQUIPMENT,26/07/2021,20350.00,AUD,Galiyarr Technologies Pty Ltd,40 McNeill Road Kallangur QLD 4503,NO,NO,,,,,,,,4502447304,,,,,
Queensland Rail,"Floor 14. RC1 305 Edward Street, Brisbane, Qld, 4000",RAILWAY EQUIPMENT,13/07/2021,19897.35,AUD,Siemens Mobility Pty Ltd,885 Mountain Highway Bayswater VIC 3153,NO,NO,,,,,,,,4502443372,,,,,
Queensland Rail,"Floor 14. RC1 305 Edward Street, Brisbane, Qld, 4000",PC PURCHASE,22/07/2021,19717.50,AUD,APC Technology,177 William Street Darlinghurst NSW 2010,NO,NO,,,,,,,,4502446922,,,,,
Queensland Rail,"Floor 14. RC1 305 Edward Street, Brisbane, Qld, 4000",LIGHTING & LAMPS,26/07/2021,19594.74,AUD,Valen Power,Po Box 74 Lake Cargelligo NSW 2672,NO,NO,,,,,,,,4502447237,,,,,
Queensland Rail,"Floor 14. RC1 305 Edward Street, Brisbane, Qld, 4000",TRACTORS,7/07/2021,19371.00,AUD,Morgan Advanced Materials,Belmore Road Riverwood NSW 2210,NO,NO,,,,,,,,4502442623,,,,,
Queensland Rail,"Floor 14. RC1 305 Edward Street, Brisbane, Qld, 4000",MISCELLANEOUS,12/07/2021,19305.00,AUD,Woodtech Engineering Pty Ltd,76 Neptune Street Maryborough QLD 4650,NO,NO,,,,,,,,4502443295,,,,,
Queensland Rail,"Floor 14. RC1 305 Edward Street, Brisbane, Qld, 4000",HAND TOOLS,26/07/2021,19233.50,AUD,Cold Forged Products,19 Resolution Drive Caringbah NSW 2229,NO,NO,,,,,,,,4502447246,,,,,
Queensland Rail,"Floor 14. RC1 305 Edward Street, Brisbane, Qld, 4000",SERV PLANT & EQUIP,13/07/2021,19010.00,AUD,MHF Group QLD,PO Box 7129 Hemmant QLD 4174,NO,NO,,,,,,,,4502443418,,,,,
Queensland Rail,"Floor 14. RC1 305 Edward Street, Brisbane, Qld, 4000",RAILWAY EQUIPMENT,30/07/2021,18645.00,AUD,Clift Engineering Pty Ltd,6 Chelmsbrook Drive Rainbow Flat NSW 2430,NO,NO,,,,,,,,4502450794,,,,,
Queensland Rail,"Floor 14. RC1 305 Edward Street, Brisbane, Qld, 4000",SERV PLANT & EQUIP,7/07/2021,18603.75,AUD,A & S Steel Fabrications Pty Ltd,PO Box 30 Banyo QLD 4014,NO,NO,,,,,,,,4502442631,,,,,
Queensland Rail,"Floor 14. RC1 305 Edward Street, Brisbane, Qld, 4000",SERV INSPECT & TEST,6/07/2021,18480.00,AUD,Construction Sciences Pty Ltd,PO Box 253 Acacia Ridge QLD 4110,NO,NO,,,,,,,,4502442521,,,,,
Queensland Rail,"Floor 14. RC1 305 Edward Street, Brisbane, Qld, 4000",HAND TOOLS,16/07/2021,18442.60,AUD,Cold Forged Products,19 Resolution Drive Caringbah NSW 2229,NO,NO,,,,,,,,4502444111,,,,,
Queensland Rail,"Floor 14. RC1 305 Edward Street, Brisbane, Qld, 4000",COMMUN EQUIPMENT,20/07/2021,18401.06,AUD,Meridian Communications,71 Metrolink Circuit Campbellfield VIC 3061,NO,NO,,,,,,,,4502444537,,,,,
Queensland Rail,"Floor 14. RC1 305 Edward Street, Brisbane, Qld, 4000",HIRE-LEASE PLANT&EQP,7/07/2021,18315.00,AUD,MacTrans Heavy Haulage Pty Ltd,144 Coulson Street Wacol QLD 4076,NO,NO,,,,,,,,4502442715,,,,,
Queensland Rail,"Floor 14. RC1 305 Edward Street, Brisbane, Qld, 4000",HIRE-LEASE PLANT&EQP,15/07/2021,18315.00,AUD,MacTrans Heavy Haulage Pty Ltd,144 Coulson Street Wacol QLD 4076,NO,NO,,,,,,,,4502443978,,,,,
Queensland Rail,"Floor 14. RC1 305 Edward Street, Brisbane, Qld, 4000",RAILWAY EQUIPMENT,28/07/2021,18311.70,AUD,A & S Steel Fabrications Pty Ltd,PO Box 30 Banyo QLD 4014,NO,NO,,,,,,,,4502450412,,,,,
Queensland Rail,"Floor 14. RC1 305 Edward Street, Brisbane, Qld, 4000",NONMETAL FABR MATLS,9/07/2021,18183.00,AUD,Forest One Australia Pty Ltd,PO Box 315 Bungalow QLD 4870,NO,NO,,,,,,,,4502443077,,,,,
Queensland Rail,"Floor 14. RC1 305 Edward Street, Brisbane, Qld, 4000",RAILWAY EQUIPMENT,23/07/2021,18123.60,AUD,Heinzmann Australia Pty Ltd,10 Virginia Street Geebung QLD 4034,NO,NO,,,,,,,,4502447081,,,,,
Queensland Rail,"Floor 14. RC1 305 Edward Street, Brisbane, Qld, 4000",MISCELLANEOUS,15/07/2021,18084.00,AUD,Woodtech Engineering Pty Ltd,76 Neptune Street Maryborough QLD 4650,NO,NO,,,,,,,,4502444005,,,,,
Queensland Rail,"Floor 14. RC1 305 Edward Street, Brisbane, Qld, 4000",RAILWAY EQUIPMENT,29/07/2021,17812.17,AUD,Atlas Copco Compressors Australia,88 Stradbroke Street Heathwood QLD 4110,NO,NO,,,,,,,,4502450661,,,,,
Queensland Rail,"Floor 14. RC1 305 Edward Street, Brisbane, Qld, 4000",CONSULTING SERVICES,10/01/2020,17678.00,AUD,DSTechwrite,PO Box 298 Brendale QLD 4500,YES,NO,,,,,,,,CW2280694,,,,,
Queensland Rail,"Floor 14. RC1 305 Edward Street, Brisbane, Qld, 4000",HIRE-LEASE PLANT&EQP,16/07/2021,17600.00,AUD,The Traffic Design Company Pty Ltd,PO Box 265 Caboolture QLD 4510,NO,NO,,,,,,,,4502444119,,,,,
Queensland Rail,"Floor 14. RC1 305 Edward Street, Brisbane, Qld, 4000",BULK FUEL,22/06/2021,17600.00,AUD,Ampol Australia Pty Ltd,PO Box 794 Lytton QLD 4178,YES,NO,,,,,,,,4502437667,,,,,
Queensland Rail,"Floor 14. RC1 305 Edward Street, Brisbane, Qld, 4000",RAILWAY EQUIPMENT,15/07/2021,17160.00,AUD,Ultimate Australia Transportation,23 Carl Court Hallam VIC 3803,NO,NO,,,,,,,,4502443947,,,,,
Queensland Rail,"Floor 14. RC1 305 Edward Street, Brisbane, Qld, 4000",BOOKS MAPS PUBLICNS,21/07/2021,17160.00,AUD,Queensland Decal Pty Ltd,36 Benronald Street Seventeen Mile Rocks QLD 4073,NO,NO,,,,,,,,4502446733,,,,,
Queensland Rail,"Floor 14. RC1 305 Edward Street, Brisbane, Qld, 4000",RAILWAY EQUIPMENT,26/07/2021,17066.89,AUD,Siemens Mobility Pty Ltd,885 Mountain Highway Bayswater VIC 3153,NO,NO,,,,,,,,4502447371,,,,,
Queensland Rail,"Floor 14. RC1 305 Edward Street, Brisbane, Qld, 4000",LABOUR CONTRACTORS,5/07/2021,16817.96,AUD,All Rail Services Pty Ltd,37 Benjul Drive Beenleigh QLD 4207,NO,NO,,,,,,,,4502442241,,,,,
Queensland Rail,"Floor 14. RC1 305 Edward Street, Brisbane, Qld, 4000",RAILWAY EQUIPMENT,19/07/2021,16544.00,AUD,Voestalpine Railway Systems,PO Box 391 Mackay QLD 4740,NO,NO,,,,,,,,4502444377,,,,,
Queensland Rail,"Floor 14. RC1 305 Edward Street, Brisbane, Qld, 4000",PROFESSIONAL SERVICE,30/06/2021,16500.00,AUD,Ranbury Management Group Pty Ltd,270 Adelaide Street Brisbane QLD 4000,YES,NO,,,,,,,,4502441465,,,,,
Queensland Rail,"Floor 14. RC1 305 Edward Street, Brisbane, Qld, 4000",LIGHTING & LAMPS,23/07/2021,16472.41,AUD,Valen Power,Po Box 74 Lake Cargelligo NSW 2672,NO,NO,,,,,,,,4502447115,,,,,
Queensland Rail,"Floor 14. RC1 305 Edward Street, Brisbane, Qld, 4000",MISC SERVICES,21/07/2021,16303.98,AUD,Kingston Human Capital,307 Queen Street Brisbane QLD 4000,NO,NO,,,,,,,,4502446609,,,,,
Queensland Rail,"Floor 14. RC1 305 Edward Street, Brisbane, Qld, 4000",RAILWAY EQUIPMENT,26/07/2021,16086.37,AUD,Steelrod Pty Ltd,PO Box 442 Narangba QLD 4504,NO,NO,,,,,,,,4502447347,,,,,
Queensland Rail,"Floor 14. RC1 305 Edward Street, Brisbane, Qld, 4000", FENCING CONTRACTS,16/07/2021,15929.76,AUD,Alpha Merchandise Pty Ltd,PO Box 40 Alpha QLD 4724,NO,NO,,,,,,,,4502444118,,,,,
Queensland Rail,"Floor 14. RC1 305 Edward Street, Brisbane, Qld, 4000",SERV PLANT & EQUIP,27/07/2021,15921.10,AUD,Bundy Diesel Specialists,PO Box 3098 Bundaberg QLD 4670,NO,NO,,,,,,,,4502447561,,,,,
Queensland Rail,"Floor 14. RC1 305 Edward Street, Brisbane, Qld, 4000",SERV PLANT & EQUIP,6/07/2021,15845.06,AUD,All Rail Services Pty Ltd,37 Benjul Drive Beenleigh QLD 4207,NO,NO,,,,,,,,4502442441,,,,,
Queensland Rail,"Floor 14. RC1 305 Edward Street, Brisbane, Qld, 4000",RAILWAY EQUIPMENT,2/07/2021,15757.50,AUD,Haymans Electrical Pty Ltd,593 Boundary Road Archerfield QLD 4108,NO,NO,,,,,,,,4502441974,,,,,
Queensland Rail,"Floor 14. RC1 305 Edward Street, Brisbane, Qld, 4000",VEGETATION MNGMENT,6/07/2021,15510.00,AUD,Grazing Pines,337 Pilerwa Road Mungar QLD 4650,NO,NO,,,,,,,,4502442353,,,,,
Queensland Rail,"Floor 14. RC1 305 Edward Street, Brisbane, Qld, 4000",VEGETATION MNGMENT,28/07/2021,15477.00,AUD,Tree Acq Pty Ltd,Po Box 165 Doonside NSW 2767,NO,NO,,,,,,,,4502450458,,,,,
Queensland Rail,"Floor 14. RC1 305 Edward Street, Brisbane, Qld, 4000",SERVICES - ELEC INV,8/07/2021,15457.29,AUD,Don Neal Electrical,PO Box 3163 North Mackay QLD 4740,NO,NO,,,,,,,,4502442793,,,,,
Queensland Rail,"Floor 14. RC1 305 Edward Street, Brisbane, Qld, 4000",RAILWAY EQUIPMENT,26/07/2021,15185.50,AUD,Steelrod Pty Ltd,PO Box 442 Narangba QLD 4504,NO,NO,,,,,,,,4502447219,,,,,
Queensland Rail,"Floor 14. RC1 305 Edward Street, Brisbane, Qld, 4000",MTNCE & REPAIR EQUIP,20/07/2021,14850.00,AUD,Ausspray Engineering,71 Northern Link Curcuit Shaw QLD 4818,NO,NO,,,,,,,,4502444539,,,,,
Queensland Rail,"Floor 14. RC1 305 Edward Street, Brisbane, Qld, 4000",CIVIL WORKS CONTRACT,30/07/2021,14762.00,AUD,Mears Construction,Lot 1 Hynes Street South Johnstone QLD 4859,NO,NO,,,,,,,,4502450862,,,,,
Queensland Rail,"Floor 14. RC1 305 Edward Street, Brisbane, Qld, 4000","ORES, MINERALS",1/07/2021,14747.70,AUD,Mt Marrow Blue Metal,237 Mt Marrow Quarry Road Haigslea QLD 4306,NO,NO,,,,,,,,4502441644,,,,,
Queensland Rail,"Floor 14. RC1 305 Edward Street, Brisbane, Qld, 4000",ELECTRICAL COMPNENTS,19/07/2021,14710.85,AUD,Haymans Electrical Pty Ltd,593 Boundary Road Archerfield QLD 4108,NO,NO,,,,,,,,4502444248,,,,,
Queensland Rail,"Floor 14. RC1 305 Edward Street, Brisbane, Qld, 4000",LIGHTING & LAMPS,27/07/2021,14642.14,AUD,Valen Power,Po Box 74 Lake Cargelligo NSW 2672,NO,NO,,,,,,,,4502447429,,,,,
Queensland Rail,"Floor 14. RC1 305 Edward Street, Brisbane, Qld, 4000",RAILWAY EQUIPMENT,27/07/2021,14636.93,AUD,Steelrod Pty Ltd,PO Box 442 Narangba QLD 4504,NO,NO,,,,,,,,4502447493,,,,,
Queensland Rail,"Floor 14. RC1 305 Edward Street, Brisbane, Qld, 4000",HARDWARE CONSUMABLES,23/07/2021,14635.08,AUD,J Blackwood & Son Ltd,PO Box 277 Maryborough QLD 4650,NO,NO,,,,,,,,4502447090,,,,,
Queensland Rail,"Floor 14. RC1 305 Edward Street, Brisbane, Qld, 4000",VEGETATION MNGMENT,22/07/2021,14593.15,AUD,Total Building Maintenance-Qld,PO Box 381 Virginia QLD 4014,NO,NO,,,,,,,,4502446873,,,,,
Queensland Rail,"Floor 14. RC1 305 Edward Street, Brisbane, Qld, 4000",WASTE DISPOSAL,12/07/2021,14462.98,AUD,ERS Australia,10 Platinum Street Crestmead QLD 4132,NO,NO,,,,,,,,4502443275,,,,,
Queensland Rail,"Floor 14. RC1 305 Edward Street, Brisbane, Qld, 4000",LABOUR CONTRACTORS,7/07/2021,14435.52,AUD,All Rail Services Pty Ltd,37 Benjul Drive Beenleigh QLD 4207,NO,NO,,,,,,,,4502442669,,,,,
Queensland Rail,"Floor 14. RC1 305 Edward Street, Brisbane, Qld, 4000",RAILWAY EQUIPMENT,21/07/2021,14399.00,AUD,Sungod Signs & Designs,27 Coronation Avenue Nambour QLD 4560,NO,NO,,,,,,,,4502446719,,,,,
Queensland Rail,"Floor 14. RC1 305 Edward Street, Brisbane, Qld, 4000",SERV PLANT & EQUIP,5/07/2021,14243.12,AUD,Condamine Drilling Pty Ltd,478 Boundary Street Toowoomba QLD 4350,NO,NO,,,,,,,,4502442136,,,,,
Queensland Rail,"Floor 14. RC1 305 Edward Street, Brisbane, Qld, 4000",MISCELLANEOUS,14/07/2021,14198.36,AUD,Voith Turbo Pty Ltd,23-47 Percival Road Smithfield NSW 2164,NO,NO,,,,,,,,4502443687,,,,,
Queensland Rail,"Floor 14. RC1 305 Edward Street, Brisbane, Qld, 4000",RAILWAY EQUIPMENT,12/07/2021,14169.65,AUD,Jade Engineering Qld Pty Ltd,29 Buchanan Road Banyo QLD 4014,NO,NO,,,,,,,,4502443140,,,,,
Queensland Rail,"Floor 14. RC1 305 Edward Street, Brisbane, Qld, 4000",PROFESSIONAL SERVICE,1/07/2021,14135.00,AUD,Nomad Digital Pty Ltd,256 Adelaide Terrace Perth WA 6000,NO,NO,,,,,,,,4502441703,,,,,
Queensland Rail,"Floor 14. RC1 305 Edward Street, Brisbane, Qld, 4000",RAILWAY EQUIPMENT,26/07/2021,14100.00,AUD,Schunk Carbon Technology Pty Ltd,44 Jellico Drive Scoresby VIC 3179,NO,NO,,,,,,,,4502447370,,,,,
Queensland Rail,"Floor 14. RC1 305 Edward Street, Brisbane, Qld, 4000",COMMUN EQUIPMENT,27/07/2021,14080.00,AUD,Kalinda IT Pty Ltd,"Level 12, 88 Phillip Street Sydney NSW 2000",NO,NO,,,,,,,,4502447519,,,,,
Queensland Rail,"Floor 14. RC1 305 Edward Street, Brisbane, Qld, 4000",LABOUR CONTRACTORS,20/07/2021,14062.40,AUD,GLD Constructions,41 Walnut Street Wynnum QLD 4178,NO,NO,,,,,,,,4502444533,,,,,
Queensland Rail,"Floor 14. RC1 305 Edward Street, Brisbane, Qld, 4000",CONSTR BLDING MATLS,7/07/2021,13948.00,AUD,VSM Aust Pty Ltd,175 Granite Street Geebung QLD 4034,NO,NO,,,,,,,,4502442636,,,,,
Queensland Rail,"Floor 14. RC1 305 Edward Street, Brisbane, Qld, 4000",MTNCE & REPAIR EQUIP,20/07/2021,13860.00,AUD,Ausspray Engineering,71 Northern Link Curcuit Shaw QLD 4818,NO,NO,,,,,,,,4502444513,,,,,
Queensland Rail,"Floor 14. RC1 305 Edward Street, Brisbane, Qld, 4000",DESKTOP SOFTWARE,16/07/2021,13856.92,AUD,Braemac Pty Ltd,59-61 Burrows Road Alexandria NSW 2015,NO,NO,,,,,,,,4502444168,,,,,
Queensland Rail,"Floor 14. RC1 305 Edward Street, Brisbane, Qld, 4000",RAILWAY EQUIPMENT,15/07/2021,13750.00,AUD,Faiveley Transport Australia Ltd,175 James Ruse Drive Rosehill NSW 2142,NO,NO,,,,,,,,4502443860,,,,,
Queensland Rail,"Floor 14. RC1 305 Edward Street, Brisbane, Qld, 4000", FENCING CONTRACTS,5/07/2021,13714.25,AUD,RMC Carpentry Pty Ltd,PO Box 154 Cloncurry QLD 4824,NO,NO,,,,,,,,4502442158,,,,,
Queensland Rail,"Floor 14. RC1 305 Edward Street, Brisbane, Qld, 4000",COMMUN EQUIPMENT,13/07/2021,13547.27,AUD,CDM Smith Australia Pty Ltd,"Level 4, 51 Alfred Street Fortitude Valley QLD 4006",NO,NO,,,,,,,,4502443558,,,,,
Queensland Rail,"Floor 14. RC1 305 Edward Street, Brisbane, Qld, 4000",HIRE-LEASE PLANT&EQP,23/07/2021,13524.50,AUD,Halloran & Sons Earth Moving Pty Lt,Lot 2 Sanbek Road Gumlow QLD 4815,NO,NO,,,,,,,,4502447047,,,,,
Queensland Rail,"Floor 14. RC1 305 Edward Street, Brisbane, Qld, 4000",RAILWAY EQUIPMENT,16/07/2021,13368.43,AUD,Hydratorque Queensland,PO Box 7091 Hemmant QLD 4174,NO,NO,,,,,,,,4502444203,,,,,
Queensland Rail,"Floor 14. RC1 305 Edward Street, Brisbane, Qld, 4000",COMMUN EQUIPMENT,6/07/2021,13365.00,AUD,Electro 80,433 Logan Road Stones Corner QLD 4120,NO,NO,,,,,,,,4502442326,,,,,
Queensland Rail,"Floor 14. RC1 305 Edward Street, Brisbane, Qld, 4000",RAILWAY EQUIPMENT,1/07/2021,13310.00,AUD,Schunk Carbon Technology Pty Ltd,44 Jellico Drive Scoresby VIC 3179,NO,NO,,,,,,,,4502441668,,,,,
Queensland Rail,"Floor 14. RC1 305 Edward Street, Brisbane, Qld, 4000",PROPERTY,7/07/2021,13200.00,AUD,Ausfield Services,3 Ugarte Street Bushland Beach QLD 4818,NO,NO,,,,,,,,4502442573,,,,,
Queensland Rail,"Floor 14. RC1 305 Edward Street, Brisbane, Qld, 4000",FREIGHT & CARTAGE,28/07/2021,13200.00,AUD,Roma Transport Services,PO Box 253 Roma QLD 4455,NO,NO,,,,,,,,4502450273,,,,,
Queensland Rail,"Floor 14. RC1 305 Edward Street, Brisbane, Qld, 4000",RAILWAY EQUIPMENT,26/07/2021,13200.00,AUD,Steelrod Pty Ltd,PO Box 442 Narangba QLD 4504,NO,NO,,,,,,,,4502447196,,,,,
Queensland Rail,"Floor 14. RC1 305 Edward Street, Brisbane, Qld, 4000",CONSTR BLDING MATLS,16/07/2021,13180.99,AUD,Boral Construction Materials,147 Coronation Drive Milton QLD 4064,NO,NO,,,,,,,,4502444152,,,,,
Queensland Rail,"Floor 14. RC1 305 Edward Street, Brisbane, Qld, 4000",COMMUN EQUIPMENT,14/07/2021,13123.68,AUD,Loram Pty Ltd,60 Castlereagh Street Sydney NSW 2000,NO,NO,,,,,,,,4502443639,,,,,
Queensland Rail,"Floor 14. RC1 305 Edward Street, Brisbane, Qld, 4000",ELECTRICAL COMPNENTS,26/07/2021,12925.00,AUD,ESS Earth Sciences,141 Palmer Street Richmond VIC 3121,NO,NO,,,,,,,,4502447305,,,,,
Queensland Rail,"Floor 14. RC1 305 Edward Street, Brisbane, Qld, 4000",LABOUR CONTRACTORS,30/07/2021,12756.04,AUD,All Rail Services Pty Ltd,37 Benjul Drive Beenleigh QLD 4207,NO,NO,,,,,,,,4502450790,,,,,
Queensland Rail,"Floor 14. RC1 305 Edward Street, Brisbane, Qld, 4000","M VEH, TRLRS & CYCL",30/07/2021,12711.36,AUD,Brisbane Isuzu,PO Box 1141 Archerfield QLD 4108,NO,NO,,,,,,,,4502450860,,,,,
Queensland Rail,"Floor 14. RC1 305 Edward Street, Brisbane, Qld, 4000",RAILWAY EQUIPMENT,8/07/2021,12496.78,AUD,Cummins South Pacific Pty Ltd,39-53 Ron Boyle Crescent Carole Park QLD 4300,NO,NO,,,,,,,,4502442802,,,,,
Queensland Rail,"Floor 14. RC1 305 Edward Street, Brisbane, Qld, 4000",RAILWAY EQUIPMENT,30/07/2021,12480.60,AUD,Pandrol Australia Pty Ltd,7 Bessemer Street Blacktown NSW 2148,NO,NO,,,,,,,,4502450886,,,,,
Queensland Rail,"Floor 14. RC1 305 Edward Street, Brisbane, Qld, 4000",PROFESSIONAL SERVICE,22/07/2021,12370.38,AUD,BRM Risk Management,530 Little Collins Street Melbourne VIC 3000,NO,NO,,,,,,,,4502446825,,,,,
Queensland Rail,"Floor 14. RC1 305 Edward Street, Brisbane, Qld, 4000",MTNCE & REPAIR EQUIP,14/07/2021,12366.20,AUD,Total Building Maintenance-Qld,PO Box 381 Virginia QLD 4014,NO,NO,,,,,,,,4502443746,,,,,
Queensland Rail,"Floor 14. RC1 305 Edward Street, Brisbane, Qld, 4000",SERV PLANT & EQUIP,30/07/2021,12317.25,AUD,A & S Steel Fabrications Pty Ltd,PO Box 30 Banyo QLD 4014,NO,NO,,,,,,,,4502450795,,,,,
Queensland Rail,"Floor 14. RC1 305 Edward Street, Brisbane, Qld, 4000",SERV PLANT & EQUIP,13/07/2021,12300.00,AUD,MHF Group QLD,PO Box 7129 Hemmant QLD 4174,NO,NO,,,,,,,,4502443417,,,,,
Queensland Rail,"Floor 14. RC1 305 Edward Street, Brisbane, Qld, 4000",PROPERTY,8/07/2021,12271.60,AUD,Ashgrove Landscape Services,11 Hibiscus Avenue Ashgrove QLD 4060,NO,NO,,,,,,,,4502442785,,,,,
Queensland Rail,"Floor 14. RC1 305 Edward Street, Brisbane, Qld, 4000",RAILWAY EQUIPMENT,13/07/2021,12180.18,AUD,Siemens Mobility Pty Ltd,885 Mountain Highway Bayswater VIC 3153,NO,NO,,,,,,,,4502443373,,,,,
Queensland Rail,"Floor 14. RC1 305 Edward Street, Brisbane, Qld, 4000",TRACTORS,8/07/2021,12122.00,AUD,Bombardier Transportation,PO Box 618 Dandenong VIC 3175,NO,NO,,,,,,,,4502442799,,,,,
Queensland Rail,"Floor 14. RC1 305 Edward Street, Brisbane, Qld, 4000",PROFESSIONAL SERVICE,16/07/2021,12056.00,AUD,Central Scaffolding & Rigging,11 Steel Place Morningside QLD 4170,NO,NO,,,,,,,,4502444100,,,,,
Queensland Rail,"Floor 14. RC1 305 Edward Street, Brisbane, Qld, 4000", BLDG WORKS CONTRACT,6/07/2021,11990.00,AUD,RJ Earthworks Qld Pty Ltd,PO Box 443 Gatton QLD 4343,NO,NO,,,,,,,,4502442535,,,,,
Queensland Rail,"Floor 14. RC1 305 Edward Street, Brisbane, Qld, 4000",RAILWAY EQUIPMENT,2/07/2021,11880.00,AUD,Westray Engineering,PO Box 2222 Caringbah NSW 2229,NO,NO,,,,,,,,4502442084,,,,,
Queensland Rail,"Floor 14. RC1 305 Edward Street, Brisbane, Qld, 4000",TRAINING SERVICES,16/07/2021,11880.00,AUD,Worksafe Connect Pty Ltd,PO Box 3561 Hermit Park QLD 4812,NO,NO,,,,,,,,4502444142,,,,,
Queensland Rail,"Floor 14. RC1 305 Edward Street, Brisbane, Qld, 4000",CONSTR BLDING MATLS,23/07/2021,11759.00,AUD,SEQ Sand & Soil,PO Box 893 Jimboomba QLD 4280,NO,NO,,,,,,,,4502446980,,,,,
Queensland Rail,"Floor 14. RC1 305 Edward Street, Brisbane, Qld, 4000",SERV INSPECT & TEST,2/07/2021,11720.50,AUD,Australian Soil and Concrete,17 De-Havilland Crescent Ballina NSW 2478,NO,NO,,,,,,,,4502441872,,,,,
Queensland Rail,"Floor 14. RC1 305 Edward Street, Brisbane, Qld, 4000",PROFESSIONAL SERVICE,21/07/2021,11717.20,AUD,Customised Traffic Management,PO Box 256 Rocklea QLD 4106,NO,NO,,,,,,,,4502446657,,,,,
Queensland Rail,"Floor 14. RC1 305 Edward Street, Brisbane, Qld, 4000",HARDWARE CONSUMABLES,26/07/2021,11707.52,AUD,Norbar Torque Tools,45-47 Raglan Avenue Edwardstown SA 5039,NO,NO,,,,,,,,4502447240,,,,,
Queensland Rail,"Floor 14. RC1 305 Edward Street, Brisbane, Qld, 4000",RAILWAY EQUIPMENT,19/07/2021,11632.50,AUD,Hylec Energy Solutions,PO Box 2209 Tingalpa QLD 4173,NO,NO,,,,,,,,4502444396,,,,,
Queensland Rail,"Floor 14. RC1 305 Edward Street, Brisbane, Qld, 4000",HIRE-LEASE PLANT&EQP,29/07/2021,11564.41,AUD,Cleanaway Co Pty Ltd,PO Box 957 Coopers Plains QLD 4108,NO,NO,,,,,,,,4502450610,,,,,
Queensland Rail,"Floor 14. RC1 305 Edward Street, Brisbane, Qld, 4000",ELECTRICAL COMPNENTS,7/07/2021,11556.29,AUD,Haymans Electrical Pty Ltd,593 Boundary Road Archerfield QLD 4108,NO,NO,,,,,,,,4050438795,,,,,
Queensland Rail,"Floor 14. RC1 305 Edward Street, Brisbane, Qld, 4000",TEXTILES & TENTS,14/07/2021,11495.00,AUD,Coman Textiles Pty Ltd,PO Box 485 Springwood QLD 4127,NO,NO,,,,,,,,4502443664,,,,,
Queensland Rail,"Floor 14. RC1 305 Edward Street, Brisbane, Qld, 4000",HIRE-LEASE PLANT&EQP,28/07/2021,11357.50,AUD,Macpherson James Civil Pty Ltd,PO Box 340 Rocklea QLD 4106,NO,NO,,,,,,,,4502450279,,,,,
Queensland Rail,"Floor 14. RC1 305 Edward Street, Brisbane, Qld, 4000",RAILWAY EQUIPMENT,9/07/2021,11268.58,AUD,Transmarine Asia Pacific Pty Ltd,76-84 Waterway Drive Coomera QLD 4209,NO,NO,,,,,,,,4502443035,,,,,
Queensland Rail,"Floor 14. RC1 305 Edward Street, Brisbane, Qld, 4000",RAILWAY EQUIPMENT,14/07/2021,11102.00,AUD,Siemens Mobility Pty Ltd,885 Mountain Highway Bayswater VIC 3153,NO,NO,,,,,,,,4502443685,,,,,
Queensland Rail,"Floor 14. RC1 305 Edward Street, Brisbane, Qld, 4000",CIVIL WORKS CONTRACT,10/06/2021,11011.00,AUD,EZALI PTY LTD,8 Murdock Street Drayton QLD 4350,YES,NO,,,,,,,,4502434064,,,,,
Queensland Rail,"Floor 14. RC1 305 Edward Street, Brisbane, Qld, 4000",HIRE-LEASE PLANT&EQP,7/07/2021,11000.00,AUD,Conplant Pty Ltd,PO Box 1007 Yatala QLD 4207,NO,NO,,,,,,,,4502442709,,,,,
Queensland Rail,"Floor 14. RC1 305 Edward Street, Brisbane, Qld, 4000",MTNCE & REPAIR EQUIP,13/07/2021,10968.80,AUD,All Coating Solutions,PO Box 855 Bungalow QLD 4870,NO,NO,,,,,,,,4502443374,,,,,
Queensland Rail,"Floor 14. RC1 305 Edward Street, Brisbane, Qld, 4000",HIRE-LEASE PLANT&EQP,29/07/2021,10939.50,AUD,Cleanaway Co Pty Ltd,PO Box 957 Coopers Plains QLD 4108,NO,NO,,,,,,,,4502450609,,,,,
Queensland Rail,"Floor 14. RC1 305 Edward Street, Brisbane, Qld, 4000",CIVIL WORKS CONTRACT,12/07/2021,10831.70,AUD,Sun Engineering (Qld) Pty Ltd,113 Cobalt Street Carole Park QLD 4300,NO,NO,,,,,,,,4502443270,,,,,
Queensland Rail,"Floor 14. RC1 305 Edward Street, Brisbane, Qld, 4000",HARDWARE CONSUMABLES,29/07/2021,10801.41,AUD,J Blackwood & Son Ltd,PO Box 277 Maryborough QLD 4650,NO,NO,,,,,,,,4050440058,,,,,
Queensland Rail,"Floor 14. RC1 305 Edward Street, Brisbane, Qld, 4000","ORES, MINERALS",18/03/2021,10791.00,AUD,Gromac Quarries (NQ) Pty Ltd  Chart,PO Box 385 Charters Towers QLD 4820,YES,NO,,,,,,,,4502407742,,,,,
Queensland Rail,"Floor 14. RC1 305 Edward Street, Brisbane, Qld, 4000",TRAINING SERVICES,29/07/2021,10780.00,AUD,Health Central Occupational Therapy,35 Tilson Street Everton Park QLD 4053,NO,NO,,,,,,,,4502450626,,,,,
Queensland Rail,"Floor 14. RC1 305 Edward Street, Brisbane, Qld, 4000",SERV PLANT & EQUIP,14/07/2021,10741.06,AUD,Allclass Construction Equipment,PO Box 347 Mt Ommaney QLD 4074,NO,NO,,,,,,,,4502443748,,,,,
Queensland Rail,"Floor 14. RC1 305 Edward Street, Brisbane, Qld, 4000",RAILWAY EQUIPMENT,28/07/2021,10626.00,AUD,Berendsen Fluid Power Aust Pty Ltd,20 Bernoulli Street Richlands QLD 4077,NO,NO,,,,,,,,4502450443,,,,,
Queensland Rail,"Floor 14. RC1 305 Edward Street, Brisbane, Qld, 4000",PROFESSIONAL SERVICE,9/07/2021,10461.00,AUD,Converge International Pty Ltd,255 Bourke Street Melbourne VIC 3000,NO,NO,,,,,,,,4502443030,,,,,
Queensland Rail,"Floor 14. RC1 305 Edward Street, Brisbane, Qld, 4000",RAILWAY EQUIPMENT,13/07/2021,10450.00,AUD,Ultimate Australia Transportation,23 Carl Court Hallam VIC 3803,NO,NO,,,,,,,,4502443406,,,,,
Queensland Rail,"Floor 14. RC1 305 Edward Street, Brisbane, Qld, 4000",SERV PLANT & EQUIP,2/07/2021,10395.00,AUD,The Wheel and Trolley Shop,PO Box 835 Beenleigh QLD 4207,NO,NO,,,,,,,,4502442003,,,,,
Queensland Rail,"Floor 14. RC1 305 Edward Street, Brisbane, Qld, 4000",RAILWAY EQUIPMENT,8/07/2021,10384.00,AUD,Queensland Painters & Maintenance,10 Jackson Street Garbutt QLD 4814,NO,NO,,,,,,,,4502442962,,,,,
Queensland Rail,"Floor 14. RC1 305 Edward Street, Brisbane, Qld, 4000",HIRE-LEASE PLANT&EQP,27/07/2021,10340.00,AUD,Wide Bay Crane Hire,PO Box 48 Maryborough QLD 4650,NO,NO,,,,,,,,4502447543,,,,,
Queensland Rail,"Floor 14. RC1 305 Edward Street, Brisbane, Qld, 4000",PEST CONTROL,29/07/2021,10323.06,AUD,Flick Pest Control Services,41 Bunya Street Eagle Farm QLD 4009,NO,NO,,,,,,,,4502450712,,,,,
Queensland Rail,"Floor 14. RC1 305 Edward Street, Brisbane, Qld, 4000",RAILWAY EQUIPMENT,6/07/2021,10264.00,AUD,VSM Aust Pty Ltd,175 Granite Street Geebung QLD 4034,NO,NO,,,,,,,,4502442317,,,,,
Queensland Rail,"Floor 14. RC1 305 Edward Street, Brisbane, Qld, 4000",SERV PLANT & EQUIP,27/07/2021,10231.32,AUD,Bundy Diesel Specialists,PO Box 3098 Bundaberg QLD 4670,NO,NO,,,,,,,,4502447573,,,,,
Queensland Rail,"Floor 14. RC1 305 Edward Street, Brisbane, Qld, 4000",COMMUN EQUIPMENT,6/07/2021,10212.40,AUD,Voestalpine SIGNALING Siershahn Gmb,160 Hartley Road Smeaton Grange NSW 2567,NO,NO,,,,,,,,4502442312,,,,,
Queensland Rail,"Floor 14. RC1 305 Edward Street, Brisbane, Qld, 4000","DIRECT CONSUMABLES (CATERING, LINEN, TRAVEL PACKS, ETC.)",16/06/2021,10000.00,AUD,Gate Gourmet Services Pty Ltd,300 Coward Street Mascot NSW 2020,NO,NO,,,,,,,,CW2287465,,,,,
Queensland Rail,"Floor 14. RC1 305 Edward Street, Brisbane, Qld, 4000","DIRECT CONSUMABLES (CATERING, LINEN, TRAVEL PACKS, ETC.)",16/07/2021,10000.00,AUD,Peters Ice Cream,394 Wellington Road Mulgrave VIC 3170,NO,NO,,,,,,,,CW2287489,,,,,
Queensland Rail,"Floor 14. RC1 305 Edward Street, Brisbane, Qld, 4000","DIRECT CONSUMABLES (CATERING, LINEN, TRAVEL PACKS, ETC.)",5/07/2021,10000.00,AUD,Unilever Australia Limited,PO Box 4891 North Rocks NSW 2151,NO,NO,,,,,,,,CW2287513,,,,,
Queensland Rail,"Floor 14. RC1 305 Edward Street, Brisbane, Qld, 4000",RAILWAY EQUIPMENT,8/07/2021,246524.85,EUR,Voestalpine Rail Technology GmbH,Kerpelystrasse 199 Styria ST 8700,NO,NO,,,,,,,,4502442971,,,,,
Queensland Rail,"Floor 14. RC1 305 Edward Street, Brisbane, Qld, 4000","ENGINES, TURB & COMP",19/07/2021,16464250.00,JPY,Hitachi Australia Pty Ltd,123 Epping Road North Ryde NSW 2113,NO,NO,,,,,,,,4502444388,,,,,
Queensland Rail,"Floor 14. RC1 305 Edward Street, Brisbane, Qld, 4000",FREIGHT & CARTAGE,8/07/2021,1054130.00,JPY,Hitachi Australia Pty Ltd,123 Epping Road North Ryde NSW 2113,NO,NO,,,,,,,,4502442948,,,,,
